[
  {
    "baseType": 3,
    "name": "Base URL",
    "defaultValue": "",
    "description": "",
    "helpText": "xMatters base URL e.g. https:://xxxx.xmatters.com/",
    "isSystem": false,
    "minLength": 0,
    "maxLength": 500,
    "validationRegex": "",
    "isValidate": false,
    "uuid": "7503f85a-6836-4df5-b84f-154b26db44d1"
  },
  {
    "baseType": 3,
    "name": "Company",
    "defaultValue": "",
    "description": "",
    "helpText": "",
    "isSystem": false,
    "minLength": 0,
    "maxLength": 100,
    "validationRegex": "",
    "isValidate": false,
    "uuid": "37c0f3fe-818e-47a6-8177-3fe2e4ccb5ea"
  },
  {
    "baseType": 3,
    "name": "Error?",
    "defaultValue": "",
    "description": "",
    "helpText": "",
    "isSystem": false,
    "minLength": 0,
    "maxLength": 30,
    "validationRegex": "",
    "isValidate": false,
    "uuid": "8d9e6f9c-b7e2-4369-b9fb-41f0cec9957b"
  },
  {
    "baseType": 3,
    "name": "Error Output",
    "defaultValue": "",
    "description": "",
    "helpText": "",
    "isSystem": false,
    "minLength": 0,
    "maxLength": 10000,
    "validationRegex": "",
    "isValidate": false,
    "uuid": "a326811a-4ab6-4700-8921-fa9722d1f6c2"
  },
  {
    "baseType": 8,
    "name": "Impacted Services",
    "description": "",
    "helpText": "",
    "isSystem": false,
    "uuid": "370a48c0-a6de-4d92-9ab4-9187edddc969"
  },
  {
    "baseType": 3,
    "name": "Incident ID (Get URL)",
    "defaultValue": "",
    "description": "",
    "helpText": "",
    "isSystem": false,
    "minLength": 0,
    "maxLength": 30,
    "validationRegex": "",
    "isValidate": false,
    "uuid": "c1bc1fda-a475-4cbb-87fd-e305f65d39b9"
  },
  {
    "baseType": 3,
    "name": "Incident ID (get worknote)",
    "defaultValue": "",
    "description": "",
    "helpText": "Not case-sensitive",
    "isSystem": false,
    "minLength": 0,
    "maxLength": 30,
    "validationRegex": "",
    "isValidate": false,
    "uuid": "d8c575fc-8b32-4b4a-b1c0-68e8c68cbc2f"
  },
  {
    "baseType": 3,
    "name": "Incident ID (Remove Service)",
    "defaultValue": "",
    "description": "",
    "helpText": "",
    "isSystem": false,
    "minLength": 0,
    "maxLength": 30,
    "validationRegex": "",
    "isValidate": false,
    "uuid": "d1ce2a90-d9c2-483b-9169-61b93b26aee1"
  },
  {
    "baseType": 3,
    "name": "Incident ID (write worknote)",
    "defaultValue": "",
    "description": "",
    "helpText": "Not case-sensitive",
    "isSystem": false,
    "minLength": 0,
    "maxLength": 30,
    "validationRegex": "",
    "isValidate": false,
    "uuid": "a7487318-2d73-4192-b9c4-e5f4d6918f6d"
  },
  {
    "baseType": 3,
    "name": "Incident ID (xM Get Incident with Properties)",
    "defaultValue": "SCARY-01",
    "description": "",
    "helpText": "Incident ID in xMatters. Not case-sensitive",
    "isSystem": false,
    "minLength": 0,
    "maxLength": 30,
    "validationRegex": "",
    "isValidate": false,
    "uuid": "081de257-1894-4f2e-a228-6b378a3903bb"
  },
  {
    "baseType": 21,
    "name": "Incident Level",
    "description": "",
    "helpText": "",
    "isSystem": false,
    "values": [
      {
        "value": "Bronze",
        "isDefault": true,
        "isVisible": true
      },
      {
        "value": "Silver",
        "isDefault": false,
        "isVisible": true
      },
      {
        "value": "Gold",
        "isDefault": false,
        "isVisible": true
      }
    ],
    "uuid": "f687d96d-8419-4ebc-aefc-5958ebe9073c"
  },
  {
    "baseType": 3,
    "name": "Key (get worknote)",
    "defaultValue": "",
    "description": "",
    "helpText": "Key is case-sensitive",
    "isSystem": false,
    "minLength": 0,
    "maxLength": 30,
    "validationRegex": "",
    "isValidate": false,
    "uuid": "efa501f7-d8cb-475a-9ca2-62261f081688"
  },
  {
    "baseType": 3,
    "name": "Key (write worknote)",
    "defaultValue": "",
    "description": "",
    "helpText": "",
    "isSystem": false,
    "minLength": 0,
    "maxLength": 30,
    "validationRegex": "",
    "isValidate": false,
    "uuid": "3e34e118-98c2-4df6-ae8a-3f0af79d7abb"
  },
  {
    "baseType": 3,
    "name": "Max",
    "defaultValue": "",
    "description": "",
    "helpText": "Maximum number of IDs wanted.  1 is a good choice if you need to pass output on to a subsequent Get Incident step.",
    "isSystem": false,
    "minLength": 0,
    "maxLength": 30,
    "validationRegex": "",
    "isValidate": false,
    "uuid": "bcdc5b35-ed42-4666-8f45-6ff288da97c4"
  },
  {
    "baseType": 0,
    "name": "Note0",
    "defaultValue": "true",
    "description": "",
    "helpText": "Notes like this are here for information only. The checkbox value, whether ticked or unticked, is ignored. ",
    "isSystem": false,
    "uuid": "f944e38d-37f0-4c9c-8c22-25f584007f4f"
  },
  {
    "baseType": 0,
    "name": "Note1",
    "defaultValue": "true",
    "description": "",
    "helpText": "Gets a single xMatters Incident via the Incident ID. Many output properties included, and you can easily add extra outputs to the step definition for custom properties.",
    "isSystem": false,
    "uuid": "9ee5d7e3-6001-47e4-9164-19305bc272dd"
  },
  {
    "baseType": 0,
    "name": "Note2",
    "defaultValue": "true",
    "description": "",
    "helpText": "Search for xMatters Incidents using many options. As you move down the options, they are AND'd together. Using Summary and Description together seems to be a little counter-intuitive in it's results. As well as fronting the xMAPI call to search Incidents, the step also filters the returned data to further check for Incident Type and Incident Properties. Returns a list of Incident IDs and a count. ",
    "isSystem": false,
    "uuid": "eb6b48c1-39ee-4fb4-ba18-c1083d1a6242"
  },
  {
    "baseType": 0,
    "name": "Note3",
    "defaultValue": "true",
    "description": "",
    "helpText": "Adds a work note to an Incident in the format key: value, e.g. Region: APAC. However, it only adds it if it needs to, meaning if it's not there or has been updated since the last time.",
    "isSystem": false,
    "uuid": "4509105f-c057-4054-8fcd-2cbadba8e707"
  },
  {
    "baseType": 0,
    "name": "Note4",
    "defaultValue": "true",
    "description": "",
    "helpText": "Retrieves the value from the last structured work note by key. If the work note says Region: APAC, the step would retrieve APAC.  ",
    "isSystem": false,
    "uuid": "94867749-bece-4fb5-9595-8ed4d81f4db7"
  },
  {
    "baseType": 0,
    "name": "Note5",
    "defaultValue": "true",
    "description": "",
    "helpText": "Unlike the built-in Update Incident step, this step lets you remove all Services from an xMatters Incident - should you ever need to. ",
    "isSystem": false,
    "uuid": "661e0d8a-e263-4d20-a5e0-5fa3acdedd30"
  },
  {
    "baseType": 0,
    "name": "Note6",
    "defaultValue": "true",
    "description": "",
    "helpText": "Returns a URL linking directly to an xMatters Incident. Great for use in xMatters Messaging forms. ",
    "isSystem": false,
    "uuid": "9092c1a6-272a-4d8e-a92c-67c3d3f2379d"
  },
  {
    "baseType": 3,
    "name": "Number",
    "defaultValue": "SCARY-",
    "description": "Also known as Incident ID",
    "helpText": "E.g. SCARY-01",
    "isSystem": false,
    "minLength": 0,
    "maxLength": 30,
    "validationRegex": "",
    "isValidate": false,
    "uuid": "3a520bdf-9c03-462d-bd66-886cd63ab228"
  },
  {
    "baseType": 3,
    "name": "Parent Alert ID",
    "defaultValue": "",
    "description": "",
    "helpText": "",
    "isSystem": false,
    "minLength": 0,
    "maxLength": 30,
    "validationRegex": "",
    "isValidate": false,
    "uuid": "89eeca6f-d3c2-4a79-9e30-d449f7c22a76"
  },
  {
    "baseType": 21,
    "name": "Region",
    "description": "",
    "helpText": "",
    "isSystem": false,
    "values": [
      {
        "value": "Europe",
        "isDefault": true,
        "isVisible": true
      },
      {
        "value": "Asia",
        "isDefault": false,
        "isVisible": true
      },
      {
        "value": "America",
        "isDefault": false,
        "isVisible": true
      },
      {
        "value": "Africa",
        "isDefault": false,
        "isVisible": true
      }
    ],
    "uuid": "fc7303af-a84c-4304-8a99-5e79702d448a"
  },
  {
    "baseType": 3,
    "name": "Script Output",
    "defaultValue": "",
    "description": "",
    "helpText": "",
    "isSystem": false,
    "minLength": 0,
    "maxLength": 20000,
    "validationRegex": "",
    "isValidate": false,
    "uuid": "470879a9-2aa0-4634-b029-67ea25a9c243"
  },
  {
    "baseType": 3,
    "name": "search All Text Fields",
    "defaultValue": "",
    "description": "",
    "helpText": "Checks Summary, Description and Incident ID",
    "isSystem": false,
    "minLength": 0,
    "maxLength": 1000,
    "validationRegex": "",
    "isValidate": false,
    "uuid": "201a6164-adc9-4ed0-8d85-b6786b6e902f"
  },
  {
    "baseType": 21,
    "name": "search Custom Props Use And or Or",
    "description": "",
    "helpText": "Whether to AND or OR the custom property checks. Default is OR. Applies only if you supply both property1_name/value and property2_name/value.\n",
    "isSystem": false,
    "values": [
      {
        "value": "and",
        "isDefault": false,
        "isVisible": true
      },
      {
        "value": "or",
        "isDefault": false,
        "isVisible": true
      }
    ],
    "uuid": "d26df84c-7cac-4709-bb40-fe00e1f0020a"
  },
  {
    "baseType": 3,
    "name": "search Description",
    "defaultValue": "",
    "description": "",
    "helpText": "Not case-sensitive. Substring match. Separate with spaces for multiple terms. Or \"wrap in quotes\" if the spaces matter.",
    "isSystem": false,
    "minLength": 0,
    "maxLength": 1000,
    "validationRegex": "",
    "isValidate": false,
    "uuid": "f58b2559-2756-4cab-8605-3779a452e692"
  },
  {
    "baseType": 3,
    "name": "search Impacted Services",
    "defaultValue": "",
    "description": "",
    "helpText": "Comma separate for multiple. Not case-sensitive.",
    "isSystem": false,
    "minLength": 0,
    "maxLength": 1000,
    "validationRegex": "",
    "isValidate": false,
    "uuid": "fb0173d9-6d06-4445-9e83-b59275dcc46a"
  },
  {
    "baseType": 3,
    "name": "search Incident ID",
    "defaultValue": "",
    "description": "",
    "helpText": "Substring, not an exact match. Separate with spaces for more than one. ",
    "isSystem": false,
    "minLength": 0,
    "maxLength": 1000,
    "validationRegex": "",
    "isValidate": false,
    "uuid": "b364ce7f-ab5b-49d9-ad66-da3a605db743"
  },
  {
    "baseType": 3,
    "name": "search Incident Type",
    "defaultValue": "",
    "description": "",
    "helpText": "As defined in your Incident configuration. Single value only. Not case-sensitive.",
    "isSystem": false,
    "minLength": 0,
    "maxLength": 100,
    "validationRegex": "",
    "isValidate": false,
    "uuid": "64303ad3-8707-401a-8554-bf4aea880d3e"
  },
  {
    "baseType": 3,
    "name": "search_property1_name",
    "defaultValue": "",
    "description": "",
    "helpText": "1st pair. Look for a custom incident property. Case insensitive.",
    "isSystem": false,
    "minLength": 0,
    "maxLength": 100,
    "validationRegex": "",
    "isValidate": false,
    "uuid": "226dba95-c18e-426e-826a-8892a6d7277a"
  },
  {
    "baseType": 3,
    "name": "search_property1_value",
    "defaultValue": "",
    "description": "",
    "helpText": "1st pair. What you're looking for. Case-insensitive",
    "isSystem": false,
    "minLength": 0,
    "maxLength": 1000,
    "validationRegex": "",
    "isValidate": false,
    "uuid": "9833f9f9-e010-4c9d-98dd-8220e3d251ef"
  },
  {
    "baseType": 3,
    "name": "search_property2_name",
    "defaultValue": "",
    "description": "",
    "helpText": "2nd pair. Look for a custom incident property. Case insensitive.",
    "isSystem": false,
    "minLength": 0,
    "maxLength": 100,
    "validationRegex": "",
    "isValidate": false,
    "uuid": "2235e58f-a302-4d4f-9c34-0e3f95c52820"
  },
  {
    "baseType": 3,
    "name": "search_property2_value",
    "defaultValue": "",
    "description": "",
    "helpText": "2nd pair. What you're looking for. Case-insensitive.",
    "isSystem": false,
    "minLength": 0,
    "maxLength": 1000,
    "validationRegex": "",
    "isValidate": false,
    "uuid": "e44ed600-4757-4b9b-a305-ac625c8f24e9"
  },
  {
    "baseType": 3,
    "name": "search Request ID",
    "defaultValue": "",
    "description": "",
    "helpText": "Returned when you submit an Incident via API, before the Inc is created. Enter a single request ID only.",
    "isSystem": false,
    "minLength": 0,
    "maxLength": 1000,
    "validationRegex": "",
    "isValidate": false,
    "uuid": "1131ccd7-524d-4119-82c9-908cfa581a66"
  },
  {
    "baseType": 3,
    "name": "search Resolver Groups",
    "defaultValue": "",
    "description": "",
    "helpText": "Single group name only. Spaces are fine. Do not wrap in quotes. ",
    "isSystem": false,
    "minLength": 0,
    "maxLength": 1000,
    "validationRegex": "",
    "isValidate": false,
    "uuid": "520626e3-197f-459e-9da4-606d111a6d4e"
  },
  {
    "baseType": 3,
    "name": "search Severity",
    "defaultValue": "",
    "description": "",
    "helpText": "Critical High Medium Low Minimal. Multiple values are fine. Not case sensitive.",
    "isSystem": false,
    "minLength": 0,
    "maxLength": 100,
    "validationRegex": "",
    "isValidate": false,
    "uuid": "626e7153-7038-429c-93a6-c088934a0e0b"
  },
  {
    "baseType": 3,
    "name": "search Status",
    "defaultValue": "In Progress Open",
    "description": "",
    "helpText": "Open, In_Progress, Resolved, Rejected, Mitigated. Not case-sensitive. Multiple values are or'd together.",
    "isSystem": false,
    "minLength": 0,
    "maxLength": 100,
    "validationRegex": "",
    "isValidate": false,
    "uuid": "06d56fba-1a4a-4e20-ae86-73bc5b76a6c5"
  },
  {
    "baseType": 3,
    "name": "search Summary",
    "defaultValue": "",
    "description": "",
    "helpText": "Not case-sensitive. Substring match. Separate with spaces for multiple terms. Or \"wrap in quotes\" if the spaces matter.",
    "isSystem": false,
    "minLength": 0,
    "maxLength": 1000,
    "validationRegex": "",
    "isValidate": false,
    "uuid": "635a54a9-f03b-4a56-b877-57a6447f6297"
  },
  {
    "baseType": 21,
    "name": "search Use And or Or",
    "description": "",
    "helpText": "Applies only to terms for summary or description search fields. See xMatters API notes for Get Incidents for details how it works. ",
    "isSystem": false,
    "values": [
      {
        "value": "and",
        "isDefault": false,
        "isVisible": true
      },
      {
        "value": "or",
        "isDefault": false,
        "isVisible": true
      }
    ],
    "uuid": "6c76d929-e1b5-49f1-95fb-2f9701535d10"
  },
  {
    "baseType": 3,
    "name": "Separator (get worknote)",
    "defaultValue": ":",
    "description": "",
    "helpText": "Between the key and the message. Proabably best left as a colon.",
    "isSystem": false,
    "minLength": 0,
    "maxLength": 10,
    "validationRegex": "",
    "isValidate": false,
    "uuid": "19b5a9f5-0720-499a-aa69-dbf0d81625cb"
  },
  {
    "baseType": 3,
    "name": "Separator (write worknote)",
    "defaultValue": ":",
    "description": "",
    "helpText": "Between the key and the message. Proabably best left as a colon.",
    "isSystem": false,
    "minLength": 0,
    "maxLength": 10,
    "validationRegex": "",
    "isValidate": false,
    "uuid": "28c170c1-75d9-4069-a972-4619dbce2545"
  },
  {
    "baseType": 21,
    "name": "Sort By",
    "description": "",
    "helpText": "",
    "isSystem": false,
    "values": [
      {
        "value": "created",
        "isDefault": true,
        "isVisible": true
      },
      {
        "value": "updated",
        "isDefault": false,
        "isVisible": true
      },
      {
        "value": "summary",
        "isDefault": false,
        "isVisible": true
      },
      {
        "value": "incidentId",
        "isDefault": false,
        "isVisible": true
      }
    ],
    "uuid": "43e79282-f942-40d7-8fdb-75fa8e1f8c52"
  },
  {
    "baseType": 21,
    "name": "Sort Order",
    "description": "",
    "helpText": "Ascending or Descinding (recent on top)",
    "isSystem": false,
    "values": [
      {
        "value": "asc",
        "isDefault": false,
        "isVisible": true
      },
      {
        "value": "desc",
        "isDefault": true,
        "isVisible": true
      }
    ],
    "uuid": "7032a8a9-ca30-46d7-bc16-f366046d8d5d"
  },
  {
    "baseType": 21,
    "name": "Step to Run",
    "description": "",
    "helpText": "",
    "isSystem": false,
    "values": [
      {
        "value": "xM Get Incident with Properties",
        "isDefault": false,
        "isVisible": true
      },
      {
        "value": "xM Search Incidents",
        "isDefault": false,
        "isVisible": true
      },
      {
        "value": "xM Write Structured Work Note",
        "isDefault": false,
        "isVisible": true
      },
      {
        "value": "xM Get Structured Work Note",
        "isDefault": false,
        "isVisible": true
      },
      {
        "value": "xM Remove Service from Incident",
        "isDefault": false,
        "isVisible": true
      },
      {
        "value": "xM Get Incident URL",
        "isDefault": true,
        "isVisible": true
      }
    ],
    "uuid": "56d7e29a-47ca-4003-833c-3fb6f187800c"
  },
  {
    "baseType": 3,
    "name": "Value (write worknote)",
    "defaultValue": "",
    "description": "",
    "helpText": "",
    "isSystem": false,
    "minLength": 0,
    "maxLength": 1000,
    "validationRegex": "",
    "isValidate": false,
    "uuid": "91935a58-d446-44bc-8425-34ba8c22f5d2"
  }
]