{
  "integrations": [
    {
      "id": "00160716-b27e-4988-b3ee-10e315d343fc",
      "name": "Incident Initiation - Scary incident",
      "action": "TRIGGER_INCIDENT",
      "type": "INBOUND_WEBHOOK",
      "deployed": true,
      "form": "ecd9e9e0-d0d7-4f93-a8eb-3c1e367667af",
      "environment": "HOSTED",
      "authType": "ANY",
      "createdBy": "FLOW"
    },
    {
      "id": "1dc1b644-f188-407a-9276-55c036b36e42",
      "name": "Run Flow Step - Alert Status Updates - 1dc1b644-f188-407a-9276-55c036b36e42",
      "action": "RUN_SCRIPT",
      "type": "OUTBOUND_WEBHOOK",
      "triggeredBy": "STATUS",
      "deployed": true,
      "form": "7ba6c7c2-e10f-427b-8037-6b02bfbfc3cb",
      "environment": "HOSTED",
      "authType": "NONE",
      "createdBy": "FLOW"
    }
  ],
  "endpoints": [],
  "constants": []
}