[
  {
    "id": "50bf4d27-5c06-4a68-bd7f-231d291fecc7",
    "name": "Nothing",
    "description": "Blank step, needed when Merge wasn't working with preceding step",
    "icon": "https://s3-xmatters-static.s3.amazonaws.com/null/customers/b1d45caa-e9a4-4422-9702-5aece4f445a0/IMAGE__20220209152907254__nothing.png",
    "script": "/*\n* Inputs for the script step appear as properties\n* of the input object.\n* This example shows how to access Inputs named\n* 'APIKey' and 'Application Host'.\n*/\n//var department = input.APIKey;\n//var address = input['Application Host'];\n\n/*\n* If an input is not required, it may not be\n* present on the input object. Check that it\n* is present before using it.\n*/\n//if (input.priorityLevel != null) {\n//     var priority = input.priorityLevel.toUpperCase();\n//}\n\n/*\n* If the script step has declared outputs, their\n* values should be set on the output object.\n* This example shows how to emit outputs named\n* 'Priority' and 'Server Name'.\n*/\n//output.Priority = priority;\n//output['Server Name'] = input['Application Host'];\n\n/**\n * To use a library in this script, include the following statements, replacing\n * 'My Library' with the reference name you give the library when you select to\n * include it in the script.\n */\n// var helloWorld = require('hello world')\n// output['Message'] = helloWorld.createGreeting('sample message') // \"Hello, sample message\"\n\n/*\n* If the script step has an endpoint, it can\n* be used to make HTTP requests.\n* This example shows how to make a request using\n* an endpoint named 'ExampleAPI' and an input\n* named 'personId', then set the output property\n* 'User Name' using the result.\n*/\n//var apiRequest = http.request({\n//    'endpoint': 'ExampleAPI',\n//    'path': '/api/1/persons/' + input.personId,\n//    'method': 'GET'\n//});\n//var apiResponse = apiRequest.write();\n//if (apiResponse.statusCode == 200) {\n//    var person = JSON.parse(apiResponse.body);\n//    output['User Name'] = person.username\n//}\n ",
    "endpointLabel": "",
    "allowedEnvironment": "HOSTED",
    "accessibleByAll": "NotShared",
    "stage": "DEPLOYED",
    "scriptStepType": "USER",
    "inputs": [],
    "outputs": [],
    "libraries": []
  },
  {
    "id": "2b50b7db-e3fd-45ba-b04e-63a6506f090c",
    "name": "xM Get Incident URL",
    "description": "Returns a URL to link directly to an xMatters Incident. Custom step by RIchard Selby, xMatters Consutling, February 2024",
    "icon": "https://s3-xmatters-static.s3.amazonaws.com/null/customers/b1d45caa-e9a4-4422-9702-5aece4f445a0/IMAGE__20230329101252254__2023_x_blue.png",
    "script": "const log = msg => console.log(msg); // Quick log\nconst title = 'Get xMatters Incident URL';\n// Format is \n// https://richselby.xmatters.com/xmatters/ui/incidents/INC0010008/overview\nlet base = input['Base URL'];\nlet number = input['Incident ID'];\n\nlet url=`${base}/xmatters/ui/incidents/${number}/overview`;\n\nurl = url.replace('com//','com/'); // remove double backslash for neatness\n\noutput['xm Incident URL'] = url;\n\nlog(`${title} step finished.\\n`);\n ",
    "allowedEnvironment": "HOSTED",
    "accessibleByAll": "NotShared",
    "stage": "DEPLOYED",
    "scriptStepType": "USER",
    "inputs": [
      {
        "id": "5cf6ce53-b8b4-4a0c-9bb0-b02a0027e2ee",
        "name": "Base URL",
        "helpText": "xMatters base URL e.g. https:://xxxx.xmatters.com/",
        "defaultValue": "",
        "multiline": false,
        "required": true,
        "maxLength": 20000,
        "minLength": 0,
        "position": 0
      },
      {
        "id": "3f5ec8da-4892-48ee-9dcc-737f3f392b78",
        "name": "Incident ID",
        "helpText": "ID or UUID of xM Incident",
        "defaultValue": "",
        "multiline": false,
        "required": false,
        "maxLength": 20000,
        "minLength": 0,
        "position": 1
      }
    ],
    "outputs": [
      {
        "id": "53e3fc09-018c-40f5-b80c-dcca970282ca",
        "name": "xm Incident URL",
        "position": 0
      }
    ],
    "libraries": []
  },
  {
    "id": "e7bce446-989d-4017-a64a-045c1f9c7c15",
    "name": "xM Write Structured Work Note",
    "description": "Adds a structured timeline note to an xMatters incident matching the key, provided it's not already the last note entered. Avoid repetition. Custom step by Richard Selby, xMatters Consulting, February 2024",
    "icon": "https://s3-xmatters-static.s3.amazonaws.com/null/customers/b1d45caa-e9a4-4422-9702-5aece4f445a0/IMAGE__20240226115347408__xmWorknote_down.png",
    "script": "const log = msg => console.log(msg); // Quick log\nconst title = 'xM Write Structured Work Note';\nlog(`${title} step started`);\n\nlet {\"Incident Id\":incidentId, key, separator, text} = input; \n\nlet filter = `${key}${separator}`;\n\nlet path = `/api/xm/1/incidents/${encodeURIComponent(incidentId)}/timeline-entries`;\n\n\n// Query for older worknote, if any\nlog(`Query path is \"${path}\"`);\nlog(`Filter is ${filter}`);\n\n// Query the API\nlet resultObj = getxMPaged(path);\n\nif (!resultObj || !resultObj.data) {\n    log(`No results`); // there should always be something if the Incident exists\n    output.warning = true;\n    output.warningMsg = 'No results from Incident API query';\n    output.wasAdded = false;\n    return;\n}\n\n\nlet filterdDataArray = [];\nlet count = resultObj.count;\n\nfor (let i=0; i<count; i++) {\n    let oldData = resultObj.data[i];\n    let newData = {};\n    \n    if (oldData===null) {\n        log(`Skipping empty object`);\n        continue;\n    }\n    \n    let {at, entryType, category} = oldData;\n    let date;\n    \n    // When it was written\n    if (at) { // Coverting TS to a date allows for sorting\n        date = new Date(at);\n    }\n    \n   // let addedBy = '';\n    let text = '';\n    let author = '';\n    \n    // What was written\n    if (oldData.text)\n        text = oldData.text;\n        \n    // Who wrote it\n    if (oldData.addedBy)\n        author = oldData.addedBy.targetName; \n\n        \n   log(`Loop ${(i+1)} of ${count}: ${at} ${entryType} ${category}\\n${text} `);\n   \n  \n   if (!(category=='NOTE' && entryType=='TIMELINE_NOTE')){\n       log(`Not interested in ${category} ${entryType}. Skipping.`);\n       continue;\n   }\n   \n    if (!text) {\n        log(`Text is empty. Nothing to add. Skipping`);\n        continue;\n    }\n    \n    if (filter && typeof filter=='string') {\n        if (text.includes(filter))\n            log(`Text matches filter \"${filter}\". Keep`);\n        else {\n            log(`Text doesn't match filter \"${filter}\". Skip`);\n            continue;\n        }\n    }\n    \n  \n   newData = {\n       createdAt: date,\n       author: author,\n       text: text\n   }\n\n    log(`newData ${JSON.stringify(newData)}`);\n    \n    filterdDataArray.push(newData);\n}// for\n\n\nlog(`\\nFinished filtering`);\n\nlet newCount = filterdDataArray.length;\n\n// Sort\nfilterdDataArray.sort((a, b) => b.createdAt - a.createdAt);\nlog(`Sorting most recent first, oldest last`);\n\n// Get only most recent note\nlet noteCountMax=1\nif (noteCountMax && filterdDataArray.length > noteCountMax){\n    //log(`Too big. Shrinking from ${filterdDataArray.length} to ${noteCountMax}`);\n    filterdDataArray.length  = noteCountMax; // It's that simple\n    newCount = filterdDataArray.length;\n}\n\n//log(`Post sort: ${JSON.stringify(filterdDataArray)}`);\n\nlet oldWorknote;\nlet previousText;\nlet writeNote = false;\n\nif (filterdDataArray.length ===0) {\n    log( `No previous worknote for key \"${filter}\"`);\n    writeNote = true;\n}\n\nelse {\n    oldWorknote = filterdDataArray[0].text.trim();\n    // remove the key and trim\n    previousText = oldWorknote.replace(filter,'').trim();\n    \n    // Not case-sensitive\n    if (previousText.toLowerCase() == text.toLowerCase()){\n        log(`Worknote same as before: \"${previousText}\"`);\n        writeNote = false;\n    }\n    else {\n        log(`Worknote changed. Previously: ${previousText}. Now:${text}`);\n        writeNote = true;\n    }\n}\n\n// Add the worknote\nif (writeNote) {\n    log(`Posting to ${incidentId}`);\n    \n    let note = `${key}${separator} ${text}`.trim();\n    \n    let noteLength = note.length;\n    let NOTE_MAX_LENGTH = 1000;\n\n    if (noteLength > NOTE_MAX_LENGTH) {\n        note = note.substr(0, (NOTE_MAX_LENGTH - 3)) + '...';\n        \n       log ('The note is ' + noteLength + ' characters long;'+\n          ' it will be truncated to ' + NOTE_MAX_LENGTH + ' characters.');\n    }\n\n    let payload = {\n        entryType: 'TIMELINE_NOTE',\n        text: note\n    };\n\n    path = `/api/xm/1/incidents/${encodeURIComponent(incidentId)}/notes`;\n\n    let response = makeAndValidateRequest('POST', path, payload);\n    \n    // API error when posting\n    if (!response)\n        return;\n        \n    output['worknote'] = response.comment;\n    output.warning = false;\n    output.wasAdded = true;\n}\nelse {\n    log(`Not adding it again`);\n    output.warningMsg = 'Worknote same as before. Not repeating';\n    output.warning = false;\n    output.worknote = '';\n    output.wasAdded = false;\n}\n\nlog(`${title} step finished\\n`);\n\n\n/* Wrapper around an xMAPI GET query designed to work with paged results.\n * Returns a complete data object, where count and total are the same, because\n * that's all of the data. Returns an object just like xMAPI, except for no links\n * at end and an additional 'pages' property which shows how many pages it took. E.g.\n {\"pages\": 9,\n  \"count\": 999,\n  \"total\": 999,\n  \"data\": \n  [ {\"id\" : \"8f2d98ed-eaa9-4b0b-b366-c1db06b27e1f\", ..}, \n    ...\n  ]\n}\n */\nfunction getxMPaged(path, previous_body=false) {\n   log('getxMPaged for \"' + path + '\"');\n   /* if (typeof previous_body =='boolean')\n        log(`getxMPaged previous_body is ${JSON.stringify(previous_body)}`);\n    else if (typeof previous_body =='object')\n        log(`getxMPaged previous_body is object \\n${JSON.stringify( previous_body)}`);\n    else \n        log(`getxMPaged previous_body is unexpectedly type ${typeof previous_body}`);\n    */\n    \n   let chunk = getMore(path);\n   \n   if (!chunk) {\n       log(\"Whoops, no data returned from xMatters API\");\n       return false;\n   }\n   if (typeof chunk !== 'object') {\n       log(\"Whoops, expected an object, got \"+typeof chunk);\n       return false;\n   }\n   \n   let biggerData = {};\n   let count = chunk.count;\n   let total = chunk.total;\n   \n   log(`Got chunk. Count is ${count}, total is ${total}`);\n   \n   \n   if (previous_body.data && Array.isArray(previous_body.data) && chunk.data && Array.isArray(chunk.data)) {\n        log(`Page ${ previous_body.pages + 1}. Combining previous_body with new data`);\n        biggerData.pages = previous_body.pages + 1;\n        biggerData.count = previous_body.count + count;\n        biggerData.total = total;// shouldn't change from call to call\n        biggerData.data = previous_body.data.concat(chunk.data);\n        //biggerData.data = chunk.data.concat(previous_body.data);\n        \n        log(`Data array size is ${biggerData.data.length}`);\n    }\n    else {\n        if (count == total)\n            log(`All in one hit. Count is ${count}, total is ${total}`);\n        else\n            log('First hit of data. Nothing to combine but more to come');\n        \n        // Tidy it up, by removing links and adding a page count. \n        // Don't really need a page count, but interesting.\n    \n        biggerData = {\n            pages: 1,\n            count: count,\n            total: total,\n            data: chunk.data\n        }\n        log(`Data array size is ${biggerData.data.length}`);\n    }\n        \n   if (chunk.links.next) {\n       log(\"More to fetch via next link...\\n\");\n       let next = chunk.links.next;\n        //log(`getxMPaged biggerData type ${typeof biggerData}`);\n        return getxMPaged(next, biggerData);\n   }\n   \n   log(\"No next link so no more data\\n\");\n   return biggerData;\n}\n\n/** Get info from xMatters\n  * Returns the payload body as an object\n  * False on error\n  */\nfunction getMore( path ) {\n    log( 'getMore for \"' + path + '\"' );\n   \n    var request = http.request({\n      \"endpoint\": \"xMatters\",\n      \"path\": path,\n      \"method\": \"GET\"\n    });\n\n    let response = request.write();\n    let statusCode = response.statusCode;\n    \n    let body = JSON.parse(response.body);\n    \n    if (statusCode != 200){\n        //{\"code\":404,\"message\":\"Invalid URL\",\"reason\":\"Not Found\"}\n        log(`getMore: status code is ${statusCode}`);\n        \n        output.wasAdded = false\n        output.warning = true;\n        output.warningMsg = `${statusCode} ${body.reason} ${body.message}`.trim();\n        return false;\n    }    \n    \n   return body;\n}\n\n// Split a string into an array and trim at same time\nfunction splitAndTrim(str) {\n    return str.split(\",\").map(item => item.trim());\n}\n\n\n/**\n * Http request generator\n * @param {String} method  An uppercased HTTP method\n * @param {String} path    A path to be appended to the xMatters API baseURL\n * @param     {{}} payload An optional payload object for POST requests\n * @returns   {{}}         The API response on success\n */\nfunction makeAndValidateRequest(method, path, payload) {\n  var request = http.request({\n    endpoint: 'xMatters',\n    method: method,\n    path: path\n  });\n  var response = request.write(payload);\n\n  var error = '';\n  try {\n    var respBody = JSON.parse(response.body);\n  } catch (e) {\n        if (response && response.body)\n            error = ': ' + response.body;\n  }\n  if (response.statusCode >= 200 && response.statusCode < 300) {\n    return respBody;\n  } else {\n    if (respBody && respBody.message) {\n      error = ' message: ' + respBody.message;\n    }\n    var errorReason = 'xMatters API returned ' + '[' + response.statusCode + '] ' + 'and the following' + error;\n    output.warningMsg = buildErrorMessage(errorReason);\n    output.warning = true;\n    output.wasAdded = false;\n    return false;\n  }\n}\n\n/**\n * Builds a common error message describing the action that failed and why\n * @param  {String} reason The reason the note could not be added to the incident\n * @return {String}        A common error message that can be thrown\n */\nfunction buildErrorMessage(reason) {\n  return 'Could not add note to Incident. ' + reason;\n}\n\n\n\n",
    "endpointAuthType": "XMATTERS",
    "endpointLabel": "xMatters",
    "allowedEnvironment": "HOSTED",
    "accessibleByAll": "NotShared",
    "stage": "DEPLOYED",
    "scriptStepType": "USER",
    "inputs": [
      {
        "id": "d560711d-f99a-490c-a6c0-9b764c9e36ee",
        "name": "Incident Id",
        "helpText": "Number or UUID of Incident to write to",
        "defaultValue": "",
        "multiline": false,
        "required": true,
        "validationRegex": "",
        "maxLength": 50,
        "minLength": 0,
        "position": 0
      },
      {
        "id": "50e52f88-6d56-4157-b71a-7eab848d76ff",
        "name": "key",
        "helpText": "The part before the separator, e.g. Region",
        "defaultValue": "",
        "multiline": false,
        "required": true,
        "maxLength": 100,
        "minLength": 0,
        "position": 1
      },
      {
        "id": "dec099c4-dc9b-4971-98a8-898eb99b4cb0",
        "name": "separator",
        "helpText": "What goes after the key and before the comment. Probably a colon.",
        "defaultValue": ":",
        "multiline": false,
        "required": false,
        "maxLength": 10,
        "minLength": 0,
        "position": 2
      },
      {
        "id": "349a876e-b3ec-4ac1-9e1d-1a35b4b162d6",
        "name": "text",
        "helpText": "Work note text. Goes after the separator",
        "defaultValue": "",
        "multiline": false,
        "required": false,
        "maxLength": 20000,
        "minLength": 0,
        "position": 3
      }
    ],
    "outputs": [
      {
        "id": "3ac85dc5-0602-4df2-8102-1815f06fb0fb",
        "name": "worknote",
        "description": "text of worknote including the separator",
        "position": 0
      },
      {
        "id": "9aa8af8b-7eeb-4c55-89b1-c389c94191d5",
        "name": "wasAdded",
        "description": "true if it was added",
        "position": 1
      },
      {
        "id": "d4f735a8-e6cf-4ccb-aa84-7ea147306cfe",
        "name": "warning",
        "description": "true or false. Set to true if API error",
        "position": 2
      },
      {
        "id": "8184e4b2-4d4b-4dd3-b07b-01a07902ff40",
        "name": "warningMsg",
        "description": "information, e.g. if not added explains why",
        "position": 3
      }
    ],
    "libraries": []
  },
  {
    "id": "9962297c-8c58-40c5-abb6-ceb3e08a76a9",
    "name": "xM Get Structured Work Note",
    "description": "Retrieves the most recent timeline note from an xMatters incident matching the key. Custom step by Richard Selby, xMatters Consulting, February 2024",
    "icon": "https://s3-xmatters-static.s3.amazonaws.com/null/customers/b1d45caa-e9a4-4422-9702-5aece4f445a0/IMAGE__20240226115359312__xmWorknote_up.png",
    "script": "const log = msg => console.log(msg); // Quick log\nconst title = 'xM Get Structured Work Note';\nlog(`${title} step started`);\n\nlet {\"Incident Id\":incidentId, key, separator} = input; \n\nlet filter = `${key}${separator}`;\n\nlet path = `/api/xm/1/incidents/${incidentId}/timeline-entries`;\n\nlet sortOrder = 'desc';\n\n// Remind ourselves what we're doing    \nlog(`Query path is \"${path}\"`);\nlog(`Filter is ${filter} and sort order is ${sortOrder}`);\n\n// Query the API\nlet resultObj = getxMPaged(path);\n\nif (!resultObj || !resultObj.data) {\n    log(`No results`);\n    output.warning='true';\n    output.warningMsg = 'No results';\n    return;\n}\n\n\nlet filterdDataArray = [];\nlet count = resultObj.count;\n\nfor (let i=0; i<count; i++) {\n    let oldData = resultObj.data[i];\n    let newData = {};\n    \n    if (oldData===null) {\n        log(`Skipping empty object`);\n        continue;\n    }\n    \n    let {at, entryType, category} = oldData;\n    let date;\n    \n    // When it was written\n    if (at) { // Coverting TS to a date allows for sorting\n        date = new Date(at);\n    }\n    \n    let addedBy = '';\n    let text = '';\n    let author = '';\n    \n    // What was written\n    if (oldData.text)\n        text = oldData.text;\n        \n    // Who wrote it\n    if (oldData.addedBy)\n        author = oldData.addedBy.targetName; \n\n        \n   log(`Loop ${(i+1)} of ${count}: ${at} ${entryType} ${category} ${addedBy} \\n${text} `);\n   \n  \n   if (!(category=='NOTE' && entryType=='TIMELINE_NOTE')){\n       log(`Not interested in ${category} ${entryType}. Skipping.`);\n       continue;\n   }\n   \n    if (!text) {\n        log(`Text is empty. Nothing to add. Skipping`);\n        continue;\n    }\n    \n    if (filter && typeof filter=='string') {\n        if (text.includes(filter))\n            log(`Text matches filter \"${filter}\". Keep`);\n        else {\n            log(`Text doesn't match filter \"${filter}\". Skip`);\n            continue;\n        }\n    }\n    \n  \n   newData = {\n       createdAt: date,\n       author: author,\n       text: text\n   }\n\n    log(`newData ${JSON.stringify(newData)}`);\n    \n    filterdDataArray.push(newData);\n}// for\n\n\nlog(`\\nFinished filtering`);\n\nlet newCount = filterdDataArray.length;\n\n// Sort\nif (sortOrder && sortOrder.toLowerCase() =='asc') {\n    //output.order = 'asc';\n    filterdDataArray.sort((a, b) => a.createdAt - b.createdAt);\n    log(`Sorting oldest first, most recent last`);\n}\nelse  {// most recent first\n   // output.order= 'desc';\n    filterdDataArray.sort((a, b) => b.createdAt - a.createdAt);\n    log(`Sorting most recent first, oldest last`);\n}\n\nlet noteCountMax=1\nif (noteCountMax && filterdDataArray.length > noteCountMax){\n    log(`Too big. Shrinking from ${filterdDataArray.length} to ${noteCountMax}`);\n    filterdDataArray.length  = noteCountMax; // It's that simple\n    newCount = filterdDataArray.length;\n}\n\nlog(`Post sort: ${JSON.stringify(filterdDataArray)}`);\n\nlet worknote;\n\nif (filterdDataArray.length ===0) {\n    output.worknote = '';\n    output.warning = true;\n    output.warningMsg = `No worknote matching key \"${filter}\"`;\n}\n\nelse {\n    \n    worknote = filterdDataArray[0].text;\n    output.worknote = worknote;\n    // remove the key and trim\n    output.text = worknote.replace(filter,'').trim();\n    output.author = filterdDataArray[0].author;\n    output.whenWritten = filterdDataArray[0].createdAt;\n    output.warning = false;\n}\n\n\nlog(`${title} step finished. ${filter}:\"${worknote}\"\\n`);\n\n\n\n/* Wrapper around an xMAPI GET query designed to work with paged results.\n * Returns a complete data object, where count and total are the same, because\n * that's all of the data. Returns an object just like xMAPI, except for no links\n * at end and an additional 'pages' property which shows how many pages it took. E.g.\n {\"pages\": 9,\n  \"count\": 999,\n  \"total\": 999,\n  \"data\": \n  [ {\"id\" : \"8f2d98ed-eaa9-4b0b-b366-c1db06b27e1f\", ..}, \n    ...\n  ]\n}\n */\nfunction getxMPaged(path, previous_body=false) {\n   log('getxMPaged for \"' + path + '\"');\n   /* if (typeof previous_body =='boolean')\n        log(`getxMPaged previous_body is ${JSON.stringify(previous_body)}`);\n    else if (typeof previous_body =='object')\n        log(`getxMPaged previous_body is object \\n${JSON.stringify( previous_body)}`);\n    else \n        log(`getxMPaged previous_body is unexpectedly type ${typeof previous_body}`);\n    */\n    \n   let chunk = getMore(path);\n   \n   if (!chunk) {\n       log(\"Whoops, no data returned from xMatters API\");\n       return false;\n   }\n   if (typeof chunk !== 'object') {\n       log(\"Whoops, expected an object, got \"+typeof chunk);\n       return false;\n   }\n   \n   let biggerData = {};\n   let count = chunk.count;\n   let total = chunk.total;\n   \n   log(`Got chunk. Count is ${count}, total is ${total}`);\n   \n   \n   if (previous_body.data && Array.isArray(previous_body.data) && chunk.data && Array.isArray(chunk.data)) {\n        log(`Page ${ previous_body.pages + 1}. Combining previous_body with new data`);\n        biggerData.pages = previous_body.pages + 1;\n        biggerData.count = previous_body.count + count;\n        biggerData.total = total;// shouldn't change from call to call\n        biggerData.data = previous_body.data.concat(chunk.data);\n        //biggerData.data = chunk.data.concat(previous_body.data);\n        \n        log(`Data array size is ${biggerData.data.length}`);\n    }\n    else {\n        if (count == total)\n            log(`All in one hit. Count is ${count}, total is ${total}`);\n        else\n            log('First hit of data. Nothing to combine but more to come');\n        \n        // Tidy it up, by removing links and adding a page count. \n        // Don't really need a page count, but interesting.\n    \n        biggerData = {\n            pages: 1,\n            count: count,\n            total: total,\n            data: chunk.data\n        }\n        log(`Data array size is ${biggerData.data.length}`);\n    }\n        \n   if (chunk.links.next) {\n       log(\"More to fetch via next link...\\n\");\n       let next = chunk.links.next;\n        //log(`getxMPaged biggerData type ${typeof biggerData}`);\n        return getxMPaged(next, biggerData);\n   }\n   \n   log(\"No next link so no more data\\n\");\n   return biggerData;\n}\n\n/** Get info from xMatters\n  * Returns the payload body as an object\n  * False on error\n  */\nfunction getMore( path ) {\n    log( 'getMore for \"' + path + '\"' );\n   \n    var request = http.request({\n      \"endpoint\": \"xMatters\",\n      \"path\": path,\n      \"method\": \"GET\"\n    });\n\n    let response = request.write();\n    let statusCode = response.statusCode;\n    \n    let body = JSON.parse(response.body);\n    \n    if (statusCode != 200){\n        //{\"code\":404,\"message\":\"Invalid URL\",\"reason\":\"Not Found\"}\n        log(`getMore: status code is ${statusCode}`);\n        \n        output.error = true;\n        output.errorMsg = `${statusCode} ${body.reason} ${body.message}`.trim();\n        return false;\n    }    \n    \n   return body;\n}\n\n// Split a string into an array and trim at same time\nfunction splitAndTrim(str) {\n    return str.split(\",\").map(item => item.trim());\n}\n",
    "endpointAuthType": "XMATTERS",
    "endpointLabel": "xMatters",
    "allowedEnvironment": "HOSTED",
    "accessibleByAll": "NotShared",
    "stage": "DEPLOYED",
    "scriptStepType": "USER",
    "inputs": [
      {
        "id": "88b94733-58da-4b43-b497-91f8272ba676",
        "name": "Incident Id",
        "helpText": "Number or UUID of Incident",
        "defaultValue": "",
        "multiline": false,
        "required": true,
        "validationRegex": "",
        "maxLength": 50,
        "minLength": 0,
        "position": 0
      },
      {
        "id": "ac343c54-3259-48e4-944c-3c772554e9de",
        "name": "key",
        "helpText": "The part before the colon, e.g. Region",
        "defaultValue": "",
        "multiline": false,
        "required": true,
        "maxLength": 100,
        "minLength": 0,
        "position": 1
      },
      {
        "id": "86b4dc70-d69b-4c51-875b-c92f6f4c24e3",
        "name": "separator",
        "helpText": "What goes after the key and before the comment. Probably a colon.",
        "defaultValue": ":",
        "multiline": false,
        "required": false,
        "maxLength": 10,
        "minLength": 0,
        "position": 2
      }
    ],
    "outputs": [
      {
        "id": "adb56e41-4d14-4c27-be33-d8953f1b5795",
        "name": "text",
        "description": "trimmed text after the separator",
        "position": 0
      },
      {
        "id": "65dae327-fb78-4c51-9562-9e22dd2ee3df",
        "name": "worknote",
        "description": "text of worknote including the separator",
        "position": 1
      },
      {
        "id": "33f57f9a-39bd-4712-ab5a-184fdc5a65e0",
        "name": "author",
        "description": "who wrote it",
        "position": 2
      },
      {
        "id": "5ac09952-ee67-4418-a032-2f1d35055449",
        "name": "whenWritten",
        "description": "when it was written",
        "position": 3
      },
      {
        "id": "49617443-8af9-4d2f-82ca-714fa7b04c99",
        "name": "warning",
        "description": "true or false",
        "position": 4
      },
      {
        "id": "e528abd9-4bfe-4f04-b6bd-278c56b2f2dc",
        "name": "warningMsg",
        "description": "E.g. nothing found",
        "position": 5
      }
    ],
    "libraries": []
  },
  {
    "id": "ec6611da-87d8-428c-9373-0bdbaf60c750",
    "name": "xM Search Incidents",
    "description": "Find xMatters Incidents. You can search by many different properties, including custom ones. Returns a comma separated list of Incident IDs and a count. Custom step by Richard Selby, xMatters Consulting, February 2024",
    "icon": "https://s3-xmatters-static.s3.amazonaws.com/null/customers/b1d45caa-e9a4-4422-9702-5aece4f445a0/IMAGE__20240214195645245__cyan_flame.jpg",
    "script": "let title='xM Search Incidents';\nlog(`${title} started`);\n\noutput.error = true; // Guilty until proven innocent\n\n/*\n/incidents?impactedServices=API,47eb2567-38d0-40e5-8fbd-fa1f9e1454fd\n/incidents?requestId=92eb2567-38d0-40e5-8fbd-fa1f9e1454bd\n/incidents?resolver.group=Database%20Admins\n/incidents?search=telecommunication outage&operand=AND\n/incidents?search=\"telecommunication outage\" \"website down\"&field=SUMMARY\n/incidents?severity=HIGH\n*/\nlet {Status:xmStatus, Severity:severity, \"Impacted Services\":impactedServices, \n     \"Request ID\":requestId, \"Resolver Group\":resolverGroup, \"Incident Type\":incTypeFilter,\n     \"Incident ID\":incidentId, Summary:summary, \"Use And or Or\":useAndOrOr,\n     Description:description, \"All Text Fields\":allTextFields, \n     property1_name, property1_value, property2_name, property2_value, customProps_useAndOrOr,\n     \"Sort By\":sortBy, \"Sort Order\":sortOrder, max } = input;\n\nlog(`Inputs are xmStatus ${xmStatus}; severity ${severity}; impactedServices ${impactedServices}`);\nlog(`requestId ${requestId}; resolverGroup ${resolverGroup}; incTypeFilter ${incTypeFilter}`);\nlog(`incidentId ${incidentId}; summary ${summary}; description ${description}`);\nlog(`allTextFields ${allTextFields}; useAndOrOr ${useAndOrOr}`);\nlog(`property1_name ${property1_name}; property1_value ${property1_value}; property2_name ${property2_name}; property2_value ${property2_value}; customProps_useAndOrOr ${customProps_useAndOrOr}`);\nlog(`sortBy ${sortBy}; sortOrder ${sortOrder}; max ${max}`);\n\n\n\n// Figure out what goes into the query string, part by part\nlet queryParts = [];\n\n// Sanitise Status. API demands all caps, and below values only\nif (xmStatus) { \n    let statusParts = [];\n    if (xmStatus.match(/in[_ ]progress/i)) // Let \"In Progress\" no-underscore through\n        statusParts.push('IN_PROGRESS');\n    if (xmStatus.match(/open/i))\n        statusParts.push('OPEN');\n    if (xmStatus.match(/mitigated/i))\n        statusParts.push('MITIGATED'); \n    if (xmStatus.match(/resolved/i))\n        statusParts.push('RESOLVED'); \n    if (xmStatus.match(/rejected/i))\n        statusParts.push('REJECTED'); \n\n    if (statusParts.length){\n        //log(`Accetable status values are ${JSON.stringify(statusParts)}`);\n        queryParts.push('status=' + statusParts.join(','));\n    }\n    else {\n        log(`No legal status values from ${xmStatus} so ignoring`);\n    }\n}\n\n// Sanitise Severity. MINIMAL,LOW,MEDIUM,HIGH,CRITICAL\nif (severity) { // API wants all caps and below values only\n    let sevParts = [];\n    if (severity.match(/minimal/i))\n        sevParts.push('MINIMAL');\n    if (severity.match(/low/i))\n        sevParts.push('LOW');\n    if (severity.match(/medium/i))\n        sevParts.push('MEDIUM'); \n    if (severity.match(/high/i))\n        sevParts.push('HIGH'); \n    if (severity.match(/critical/i))\n        sevParts.push('CRITICAL'); \n\n    if (sevParts.length){\n        //log(`Accetable severity values are ${JSON.stringify(sevParts)}`);\n        queryParts.push('severity=' + sevParts.join(','));\n    }\n    else {\n        log(`No legal severity values from ${severity} so ignoring`);\n    }\n}\n\nif (incidentId) {\n    queryParts.push('search=' +encodeURIComponent(incidentId)+'&fields=INCIDENT_IDENTIFIER');\n}\n\nif (summary) {\n    queryParts.push('search=' +encodeURIComponent(summary)+'&fields=SUMMARY');\n}\n\nif (description) {\n    queryParts.push('search=' +encodeURIComponent(description)+'&fields=DESCRIPTION');\n}\n\nif (allTextFields) { // checks across IncidentId, Summary and Description\n    queryParts.push('search=' +encodeURIComponent(allTextFields));\n}\n\nif (impactedServices) {\n    queryParts.push('impactedServices=' +encodeURIComponent(impactedServices));\n}\n\nif (requestId) {\n    queryParts.push('requestId=' +encodeURIComponent(requestId));\n}\n\nif (resolverGroup) {\n      queryParts.push('resolver.group=' +encodeURIComponent(resolverGroup));\n}\n\nlet operand = ''; // Might need this in the resultObj loop below, where more sorting happens\nif (useAndOrOr){\n    if (summary || description) {\n        if (useAndOrOr.match(/^and/i)) {\n            operand = 'and'; \n            queryParts.push('operand=AND');\n        }    \n        else if (useAndOrOr.match(/^or/i)) {// this is the default anyway\n            operand = 'or'; \n            queryParts.push('operand=OR');\n        }\n    }\n    else {\n        log(`useAndOrOr only works if Summary or Description set. Skipping to avoid a 400 Bad Request error`);\n    }\n}\n\nlet checkProps = false;\nif (property1_name || property2_name) { // Ask for custom properties to be returned. \n    log(`Embedding properties`);        // We check for them in the loop below.\n    queryParts.push('embed=properties');   \n    checkProps = true;\n}\n\nlet queryString = '';\n\nif (queryParts.length){\n    queryString = '?' + queryParts.join('&');\n}\n\nlet path = '/api/xm/1/incidents/' + queryString;\nlog(`Query path is ${path}`);\n\n\n// Finally, down to business\nlet resultObj = getxMPaged(path);\n\nif (!resultObj || !resultObj.data) {\n    log(`Zilch results from getxMPaged.`);\n    // Error outputs were set at foot of getMore() function after API call\n    return; \n}\n\n// All good\nlog(`Checking Response body`);\noutput.error = false; // Happy\nlet total = resultObj.total;\n\nif (total===0) {\n    output.Count = 0;\n    output['Incident IDs'] = '';\n    log(`${title} finished. Found no matching Incidents\\n`);\n    return;\n}\n\n\n\nif (max && typeof parseInt(max)=='number') {\n    max = Math.abs(parseInt(max, 10))// ensure postive integer\n    log(`Results limited to max ${max}`);\n}\nelse {\n    max = false;\n}\n\nlog(`API returned ${total} Incident${total==1?'':'s'}`);    \n//let incidentIds = [];\nlet shuffleMe = []; // holding array, pre sort\nlet data = resultObj.data;\n     \nif (data && Array.isArray(data)) {\n    \n        \n    for (let i = 0; i < data.length; i++) {\n        \n        let inc = data[i];\n        \n        let incId = inc.incidentIdentifier;\n        let summary = inc.summary;\n        log(`Loop ${(i+1)} of ${data.length} ${incId} ${summary}`);\n                    \n             \n        // Things that could be filtered in the loop\n        let incType = inc.type.name; //e.g. Digital Operations\n      \n        \n        // add in Created and Updated timestamps for sorting purposes \n        let createdTs = new Date(inc.createdAt).getTime(); \n        let updatedTs = new Date(inc.updatedAt).getTime();\n\n                    \n        if ( incTypeFilter && incType && (incType.toLowerCase() != incTypeFilter.toLowerCase())) {\n            log(`Wrong Incident type. We want ${incTypeFilter}, this is ${incType}. Skipping`);\n            continue;\n        }\n        \n        if (checkProps){\n            if (!inc.properties) {\n                log(`No properties section`);\n            }\n            let propertiesArray = inc.properties;\n            if (!checkIncProperties(propertiesArray, customProps_useAndOrOr, property1_name, property1_value, property2_name, property2_value)){\n                log(`Properties don't match. Skipping`);\n                continue;\n            }\n            log(`Properties matched`);\n        }\n        \n        shuffleMe.push({\n                    incidentId: incId,\n                    summary: summary,\n                    created: createdTs,\n                    updated: updatedTs\n                });\n             \n    }// for\n    \n\n    // Sorting time\n    if (shuffleMe.length > 1){\n        log(`Sorting by ${sortBy} ${sortOrder}`);\n        switch(sortBy){\n            case \"updated\":\n                sortOrder =='asc'?  shuffleMe.sort(compare_updated_asc):\n                                    shuffleMe.sort(compare_updated_desc); break;\n            case \"created\":\n                sortOrder =='asc'?  shuffleMe.sort(compare_created_asc):\n                                    shuffleMe.sort(compare_created_desc); break;\n            case \"incidentId\":\n                sortOrder =='asc'?  shuffleMe.sort(compare_incId_asc):\n                                    shuffleMe.sort(compare_incId_desc); break;\n            case \"summary\":\n                sortOrder =='asc'?  shuffleMe.sort(compare_summary_asc):\n                                    shuffleMe.sort(compare_summary_desc); break;\n            default:\n                log(`Default sort is created desc`);\n                shuffleMe.sort(compare_created_desc);\n        } //switch\n    }\n}// if (data && Array.isArray(data)) \n\nif (max && shuffleMe.length>=max) {\n    log(`Max limit reached. Truncated sorted results from ${shuffleMe.length} to ${max}`);\n    shuffleMe.length = max;\n}\n\n// Extract Incident Ids from what's left of shuffleMe\nlet incidentIds = [];\nfor (let i=0; i < shuffleMe.length; i++) {\n    incidentIds.push(shuffleMe[i].incidentId);\n}\n\n\noutput.Count = incidentIds.length;\noutput['Incident IDs'] = incidentIds.join();\n\nlog(`${title} finished. Returned ${output.Count} matching Incident${output.Count==1?'':'s'}\\n`);\n\n\n\n// Quick log\nfunction log(msg) {\n    console.log(msg);\n}\n\n// Sort functions the shuffleMe list of incidents\nfunction compare_updated_asc(a,b) {   return a.updated - b.updated }\nfunction compare_updated_desc(a,b) {  return b.updated - a.updated }\nfunction compare_created_asc(a,b) {   return a.created - b.created }\nfunction compare_created_desc(a,b) {  return b.created - a.created }\nfunction compare_summary_asc(a,b) {   return a.summary.localeCompare(b.summary) }\nfunction compare_summary_desc(a,b) {  return b.summary.localeCompare(a.summary) }\nfunction compare_incId_asc (a,b) {    return a.incidentId.localeCompare(b.incidentId) }\nfunction compare_incId_desc (a,b) {   return b.incidentId.localeCompare(a.incidentId) }\n\n\n/* Take the property array and look for matches. I.e. does\n * propertiesArray from the API's incident object\n * customProps_useAndOrOr if it's 'and' we use an AND. Otherwise an OR.\n * prop1_name = prop1_value \n * prop2_name = prop2_value  \n * Returns boolean\n */\nfunction checkIncProperties(propertiesArray, customProps_useAndOrOr, prop1_name, prop1_value, prop2_name, prop2_value) {\n \n   if (!Array.isArray(propertiesArray)){\n          log(`checkIncProperties: Need a properties array to check`);\n          return false;\n   }\n\n   if (prop1_name && !prop2_name){\n       log(`checkIncProperties: Looking for \"${prop1_name}\"==\"${prop1_value}\"`);\n   }\n  \n   else if (prop2_name && !prop1_name){\n       log(`checkIncProperties: Looking for \"${prop2_name}\"==\"${prop2_value}\"`);\n   }\n   \n   else if (prop1_name && prop2_name){\n        if (customProps_useAndOrOr && customProps_useAndOrOr.match(/and/i)) {\n            log(`checkIncProperties: Looking for \"${prop1_name}\"==\"${prop1_value}\" AND \"${prop2_name}\"==\"${prop2_value}\"`);\n            customProps_useAndOrOr = 'AND';\n        }\n        else {\n            log(`checkIncProperties: Looking for \"${prop1_name}\"==\"${prop1_value}\" OR \"${prop2_name}\"==\"${prop2_value}\"`);\n             customProps_useAndOrOr = 'OR'; // default\n        }\n   }\n   else {\n       log(`checkIncProperties: No property names to check`);\n       return false;\n   }\n  \n    let match1 =false;\n    let match2 =false;\n    let matched = false;\n    \n    for (let i=0; i<propertiesArray.length; i++) {\n       let prop = propertiesArray[i];\n       let pname = prop.name;\n       let pvalue = prop.value;\n       log(`Prop ${(i+1)} of ${propertiesArray.length}: '${pname}'=>'${pvalue}'`);\n       \n        if (!match1)\n            match1 = fuzzyPropertyMatch(prop1_name, prop1_value, pname, pvalue);\n    \n        if (!match2)        \n        match2 = fuzzyPropertyMatch(prop2_name, prop2_value, pname, pvalue);\n\n    } //for\n    \n    //log(` match1:${match1} ${customProps_useAndOrOr} match2:${match2}`);\n    \n    // Both pairs supplied\n    if (customProps_useAndOrOr=='AND' && prop1_name && prop2_name) {\n      //  log(`Using AND`);\n        if (match1 && match2) \n           matched = true;\n    }\n    else if (customProps_useAndOrOr=='OR' && prop1_name && prop2_name) {\n        //log(`Using OR`);\n        if (match1 || match2) \n           matched = true;\n    }\n   \n   // A single operand was supplied\n    else if (match1 || match2) {\n       // log(`Single operand so OR by default`);\n        matched = true;\n    }\n \n   //log(`${matched? \"Match\": \"No match\"}`);\n   return matched; \n}\n\n\n/* Fuzzy matching for checkIncProperties() above. \n * Case insenstive. And match empty values.\n * Not that it particularly matters, but \n * prop1_name and prop1_value are the user search terms\n * pname and pvalue are what's defined in the Incident\n * Return boolean\n */\nfunction fuzzyPropertyMatch(prop1_name, prop1_value, pname, pvalue) {\n    if (prop1_name) {\n        //log(`Check prop1_name ${prop1_name}`);\n        if (prop1_name.toLowerCase() == pname.toLowerCase()) {\n            if (!prop1_value && !pvalue){\n                log(`Matched \"${prop1_name}\" with empty value`);\n                return true;\n            }    \n        else if (prop1_value && pvalue && prop1_value.toLowerCase() == pvalue.toString().trim().toLowerCase() ){\n                log(`Matched \"${prop1_name}\"==\"${prop1_value}\"`);\n                return true;\n            }    \n        }\n    }\n    return false; // no match\n}\n\n\n\n\n/* Wrapper around an xMAPI GET query designed to work with paged results.\n * Returns a complete data object, where count and total are the same, because\n * that's all of the data. Returns an object just like xMAPI, except for no links\n * at end and an additional 'pages' property which shows how many pages it took. E.g.\n {\"pages\": 9,\n  \"count\": 999,\n  \"total\": 999,\n  \"data\": \n  [ {\"id\" : \"8f2d98ed-eaa9-4b0b-b366-c1db06b27e1f\", ..}, \n    ...\n  ]\n}\n */\nfunction getxMPaged(path, previous_body=false) {\n   log('getxMPaged for \"' + path + '\"');\n   /* if (typeof previous_body =='boolean')\n        log(`getxMPaged previous_body is ${JSON.stringify(previous_body)}`);\n    else if (typeof previous_body =='object')\n        log(`getxMPaged previous_body is object \\n${JSON.stringify( previous_body)}`);\n    else \n        log(`getxMPaged previous_body is unexpectedly type ${typeof previous_body}`);\n    */\n    \n   let chunk = getMore(path);\n   \n   if (!chunk) {\n       log(\"Whoops, no data returned from xMatters API\");\n       return false;\n   }\n   if (typeof chunk !== 'object') {\n       log(\"Whoops, expected an object, got \"+typeof chunk);\n       return false;\n   }\n   \n   let biggerData = {};\n   let count = chunk.count;\n   let total = chunk.total;\n   \n   log(`Got chunk. Count is ${count}, total is ${total}`);\n   \n   \n   if (previous_body.data && Array.isArray(previous_body.data) && chunk.data && Array.isArray(chunk.data)) {\n        log(`Page ${ previous_body.pages + 1}. Combining previous_body with new data`);\n        biggerData.pages = previous_body.pages + 1;\n        biggerData.count = previous_body.count + count;\n        biggerData.total = total;// shouldn't change from call to call\n        biggerData.data = previous_body.data.concat(chunk.data);\n        //biggerData.data = chunk.data.concat(previous_body.data);\n        \n        log(`Data array size is ${biggerData.data.length}`);\n    }\n    else {\n        if (count == total)\n            log(`All in one hit. Count is ${count}, total is ${total}`);\n        else\n            log('First hit of data. Nothing to combine but more to come');\n        \n        // Tidy it up, by removing links and adding a page count. \n        // Don't really need a page count, but interesting.\n    \n        biggerData = {\n            pages: 1,\n            count: count,\n            total: total,\n            data: chunk.data\n        }\n        log(`Data array size is ${biggerData.data.length}`);\n    }\n        \n   if (chunk.links.next) {\n       log(\"More to fetch via next link...\\n\");\n       let next = chunk.links.next;\n        //log(`getxMPaged biggerData type ${typeof biggerData}`);\n        return getxMPaged(next, biggerData);\n   }\n   \n   log(\"No next link so no more data\\n\");\n   return biggerData;\n}\n\n/** Get info from xMatters\n  * Returns the payload body as an object\n  * False on error\n  */\nfunction getMore( path ) {\n    log( 'getMore for \"' + path + '\"' );\n   \n    var request = http.request({\n      \"endpoint\": \"xMatters\",\n      \"path\": path,\n      \"method\": \"GET\"\n    });\n\n    let response = request.write();\n    let statusCode = response.statusCode;\n    \n    output.statusCode = statusCode;\n    \n    let body = JSON.parse(response.body);\n    \n    if (statusCode != 200){\n        //{\"code\":404,\"message\":\"Invalid URL\",\"reason\":\"Not Found\"}\n        log(`getMore: status code is ${statusCode}`);\n        output.Count = 0;\n        output[\"Incident IDs\"]='';\n        output.error = true;\n        output.errorMsg = `${body.reason?body.reason:''} ${body.message?body.message:''} ${body.subcode?body.subcode:''}`.trim();\n        return false;\n    }    \n    \n   return body;\n}\n\n// Split a string into an array and trim at same time\nfunction splitAndTrim(str) {\n    return str.split(\",\").map(item => item.trim());\n}\n",
    "endpointAuthType": "XMATTERS",
    "endpointLabel": "xMatters",
    "allowedEnvironment": "HOSTED",
    "accessibleByAll": "NotShared",
    "stage": "DEPLOYED",
    "scriptStepType": "USER",
    "inputs": [
      {
        "id": "3b3c794d-95a7-477d-9f7c-c972ba8909c3",
        "name": "Status",
        "helpText": "Legal values Open, In_Progress, Resolved, Mitigated, Rejected. Not case-sensitive. Multiple values are OR'd.",
        "defaultValue": "",
        "multiline": false,
        "required": false,
        "validationRegex": "",
        "maxLength": 200,
        "minLength": 0,
        "position": 0
      },
      {
        "id": "ebdfff6a-6182-425f-9070-8d6b51dab5a6",
        "name": "Severity",
        "helpText": "Comma separate for mulitple. CRITICAL HIGH MEDIUM LOW MINIMAL",
        "defaultValue": "",
        "multiline": false,
        "required": false,
        "maxLength": 20000,
        "minLength": 0,
        "position": 1
      },
      {
        "id": "3df5371c-abd4-4d10-b374-ae62fccebbeb",
        "name": "Impacted Services",
        "helpText": "",
        "defaultValue": "",
        "multiline": false,
        "required": false,
        "maxLength": 20000,
        "minLength": 0,
        "position": 2
      },
      {
        "id": "f8b0029f-e3d3-4219-b317-393d9eefdf7a",
        "name": "Request ID",
        "helpText": "",
        "defaultValue": "",
        "multiline": false,
        "required": false,
        "maxLength": 20000,
        "minLength": 0,
        "position": 3
      },
      {
        "id": "c78087a1-f30d-42b3-b227-6c8e6cac6712",
        "name": "Resolver Group",
        "helpText": "Single group name only. Spaces are fine. Do not wrap in quotes.",
        "defaultValue": "",
        "multiline": false,
        "required": false,
        "maxLength": 20000,
        "minLength": 0,
        "position": 4
      },
      {
        "id": "61b9014d-6503-4efb-9d89-43f61701c4f5",
        "name": "Incident Type",
        "helpText": "As defined in your Incident configuration. Single value only. N.B. Always an AND, due to post-API query filtering.",
        "defaultValue": "",
        "multiline": false,
        "required": false,
        "maxLength": 100,
        "minLength": 0,
        "position": 5
      },
      {
        "id": "6f816751-ae1d-4262-a417-a3de2c08d8fa",
        "name": "Incident ID",
        "helpText": "Looking for more than one? Space to separate.",
        "defaultValue": "",
        "multiline": false,
        "required": false,
        "maxLength": 20000,
        "minLength": 0,
        "position": 6
      },
      {
        "id": "58a844f7-60f4-4aaf-be0e-c1a23758a6ff",
        "name": "Summary",
        "helpText": "",
        "defaultValue": "",
        "multiline": false,
        "required": false,
        "maxLength": 20000,
        "minLength": 0,
        "position": 7
      },
      {
        "id": "8d44c765-f174-4075-a06a-bf9964ebd2f2",
        "name": "Description",
        "helpText": "",
        "defaultValue": "",
        "multiline": false,
        "required": false,
        "maxLength": 20000,
        "minLength": 0,
        "position": 8
      },
      {
        "id": "34fb40b4-aeb5-43a5-b991-7a322caf91d5",
        "name": "All Text Fields",
        "helpText": "Searches in all text fields: Summary, Description and Incident ID.",
        "defaultValue": "",
        "multiline": false,
        "required": false,
        "maxLength": 20000,
        "minLength": 0,
        "position": 9
      },
      {
        "id": "ee31c137-ef99-46f1-9c7a-d806f1a2d1eb",
        "name": "Use And or Or",
        "helpText": "Applies to Summary, Description and All Text Fields. Limit or expand the search query parameter: AND only returns incidents that have all search terms in the summary or description. OR returns incidents that have any of the search terms in the summary or description. See xM API notes for Get Incidents for details.",
        "defaultValue": "or",
        "multiline": false,
        "required": false,
        "maxLength": 20000,
        "minLength": 0,
        "position": 10
      },
      {
        "id": "0ddbfe56-2216-42d9-9c50-bff928aaa701",
        "name": "property1_name",
        "helpText": "1st pair. Custom Incident Property.",
        "defaultValue": "",
        "multiline": false,
        "required": false,
        "maxLength": 100,
        "minLength": 0,
        "position": 11
      },
      {
        "id": "9585d7fd-60d0-4d2d-aa86-674603eb91b6",
        "name": "property1_value",
        "helpText": "1st pair. Exact match. Case-insensitive.",
        "defaultValue": "",
        "multiline": false,
        "required": false,
        "maxLength": 20000,
        "minLength": 0,
        "position": 12
      },
      {
        "id": "9f08a9e4-e034-4e25-9255-eedc23fe90ac",
        "name": "property2_name",
        "helpText": "2nd pair. Custom Incident Property.",
        "defaultValue": "",
        "multiline": false,
        "required": false,
        "maxLength": 20000,
        "minLength": 0,
        "position": 13
      },
      {
        "id": "6e8b38da-69e6-4dc3-bd9a-157bbbeb9ff5",
        "name": "property2_value",
        "helpText": "2nd pair. Exact match. Case-insensitive.",
        "defaultValue": "",
        "multiline": false,
        "required": false,
        "maxLength": 20000,
        "minLength": 0,
        "position": 14
      },
      {
        "id": "5540b947-bd16-4c98-ba0f-f80fd922e276",
        "name": "customProps_useAndOrOr",
        "helpText": "Whether to AND or OR the custom property checks. Default is OR. Applies only if you supply both property1_name/value and property2_name/value.",
        "defaultValue": "",
        "multiline": false,
        "required": false,
        "maxLength": 20000,
        "minLength": 0,
        "position": 15
      },
      {
        "id": "91d59721-5cfd-42e3-9bc2-2571f400f7de",
        "name": "Sort By",
        "helpText": "updated | created | summary | incidentId",
        "defaultValue": "",
        "multiline": false,
        "required": false,
        "maxLength": 20,
        "minLength": 0,
        "position": 16
      },
      {
        "id": "37422d9b-8fc4-4b7a-9e0a-32af7accb926",
        "name": "Sort Order",
        "helpText": "asc | desc",
        "defaultValue": "",
        "multiline": false,
        "required": false,
        "maxLength": 6,
        "minLength": 0,
        "position": 17
      },
      {
        "id": "dc22519f-2679-4894-b913-6b8be9ea33a8",
        "name": "max",
        "helpText": "Limit the number of Incidents returned. Blank means no limit",
        "defaultValue": "",
        "multiline": false,
        "required": false,
        "maxLength": 10,
        "minLength": 0,
        "position": 18
      }
    ],
    "outputs": [
      {
        "id": "9394d327-6623-4a88-be29-d35b6d6d1d47",
        "name": "Count",
        "description": "Total number of matching Incidents",
        "position": 0
      },
      {
        "id": "8cfedd9b-5200-4626-b121-5649ce1d75d2",
        "name": "Incident IDs",
        "description": "A comma-separated list of up to 50 xMatters Incident IDs matching the search criteria.",
        "position": 1
      },
      {
        "id": "414342b5-623d-49df-a405-986155e2814e",
        "name": "error",
        "description": "true or false",
        "position": 2
      },
      {
        "id": "387a6842-c3c9-4b04-b1e8-db91b021625f",
        "name": "errorMsg",
        "description": "",
        "position": 3
      },
      {
        "id": "cf0f6973-175f-41b8-811a-9e805da4d67f",
        "name": "statusCode",
        "description": "HTTP status code of the Get Incidents API call",
        "position": 4
      }
    ],
    "libraries": []
  },
  {
    "id": "2d8f93fe-10ca-4d23-8cac-e69c5e9e97e9",
    "name": "xM Get Incident with Properties",
    "description": "Enhanced version of standard Get Incident step. Gets details of an incident in xMatters including custom Incident properties, e.g. Application, Site, Platform, Region, Business Impact Asessment. N.B. YOU MUST ADD AN OUTPUT FOR EACH NAMED PROPERTY. AND OF COURSE, THE INCIDENT NEEDS TO HAVE THE PROPERTIES! Custom step by Richard Selby, xMatters Consulting, February 2024",
    "icon": "https://s3-xmatters-static.s3.amazonaws.com/null/customers/b1d45caa-e9a4-4422-9702-5aece4f445a0/IMAGE__20240214195625388__blue_flame.jpg",
    "script": "const log = msg => console.log(msg); // Quick log\nconst title = 'xM Get Incident Properties';\n// Customised version of regular Get Incident step\n// Extracts Incident Properties, if defined on the Incident. \n// IMPORTANT - FIRST ADD PROPERTY NAMES TO OUTPUT OBJECT\n// E.g. You have a property called Incident Level, so ensure there is an output of called Incident Level.\n// You have a property called Region, ensure there is an output called Region\n// However, you can also use the propertiesObject output to catch them\n\nlet incidentId = input['Incident ID'] ;\n\nlog(`${title} step started for ${incidentId}`);\n\nvar getIncidentRequest = http.request({\n  endpoint: 'xMatters',\n  method: 'GET',\n  path: '/api/xm/1/incidents/' +  encodeURIComponent(incidentId)+'?embed=properties'\n});\nvar response = getIncidentRequest.write();\nvar genericErrorMessage = 'Could not get Incident. xMatters API returned [' + response.statusCode + ']';\nvar responseBody;\n\ntry {\n  responseBody = JSON.parse(response.body);\n} catch (e) {\n  throw new Error(genericErrorMessage\n    + '. Unable to parse response body: '\n    + e.message);\n}\n\noutput['Status Code'] = response.statusCode;\n\nif (response.statusCode >= 200 && response.statusCode < 300) {\n    // The standard outputs on the regular Get Incident step\n  output['Is Retrieved'] = true;\n  output['propertiesCount'] = 0;\n  output['propertiesObject'] = {};\n  output['Incident UUID'] = responseBody.id;\n  output['Incident ID'] = responseBody.incidentIdentifier;\n  output['Summary'] = responseBody.summary;\n  output['Description'] = responseBody.description;\n  output['Severity'] = responseBody.severity.name;\n  output['Status'] = responseBody.status.name;\n  output['Initiator User ID'] = responseBody.initiatedBy.targetName;\n  output['Initiator First Name'] = responseBody.initiatedBy.firstName;\n  output['Initiator Last Name'] = responseBody.initiatedBy.lastName;\n  output['Initiator Name'] = responseBody.initiatedBy.firstName + ' ' + responseBody.initiatedBy.lastName;\n  output['Incident Commander User ID'] = responseBody.commander.targetName;\n  output['Incident Commander First Name'] = responseBody.commander.firstName;\n  output['Incident Commander Last Name'] = responseBody.commander.lastName;\n  output['Incident Commander Name'] = responseBody.commander.firstName + ' ' + responseBody.commander.lastName;;\n  output['Start Time'] = responseBody.createdAt;\n  output['Impact Start Time'] = responseBody.impactStartAt || responseBody.createdAt;\n  output['Acknowledged Time'] = responseBody.acknowledgedAt || '';\n  output['Resolved Time'] = responseBody.resolvedAt || '';\n  output['Incident Type'] = responseBody.type.name;\n  output['Impacted Services'] = responseBody.impactedServices\n    ? getCommaSeparatedStringOfImpactedServices(responseBody.impactedServices)\n    : '';\n\n  \n  // Custom Properties\n  propObj={};\n  propCount = 0;\n  if (responseBody.properties && Array.isArray(responseBody.properties)) {\n        log('Checking all Incident Properties');\n        let properties = responseBody.properties;\n        for (let i =0; i<properties.length; i++) {\n            let prop = properties[i];\n            let name = prop.name;\n            let value = prop.value;\n            log(`Custom property ${name} => ${value}`);\n            output[name] = value;\n            propObj[name] = value;// One big object, easy to parse if you need more flexibility\n            \n            if (value)\n                propCount++;\n        }\n        output['propertiesObject'] = propObj;\n        output['propertiesCount'] = propCount;\n    }\n    else {\n        log('No custom Incident Properties found');\n    }\n  \n  \n} else if (response.statusCode === 404) {\n  output['Is Retrieved'] = false;\n  output['propertiesCount'] = 0;\n  output['propertiesObject'] = {};\n  output['Incident UUID'] = '';\n  output['Incident ID'] = incidentId;\n  output['Summary'] = '';\n  output['Description'] = '';\n  output['Severity'] = '';\n  output['Status'] = '';\n  output['Initiator User ID'] = '';\n  output['Initiator First Name'] = '';\n  output['Initiator Last Name'] = '';\n  output['Initiator Name'] = '';\n  output['Incident Commander User ID'] = '';\n  output['Incident Commander First Name'] = '';\n  output['Incident Commander Last Name'] = '';\n  output['Incident Commander Name'] = '';\n  output['Start Time'] = '';\n  output['Impact Start Time'] = '';\n  output['Acknowledged Time'] = '';\n  output['Resolved Time'] = '';\n  output['Impacted Services'] = '';\n  output['Incident Type'] = '';\n  output['propertiesObject'] = {};\n  \n\n} else {\n  throw new Error(genericErrorMessage\n    + ' and the following messages: '\n    + responseBody.message || responseBody.reason\n  );\n}\n\nfunction getCommaSeparatedStringOfImpactedServices(impactedServices) {\n  return impactedServices.map(function(service) {\n    return service.targetName;\n  }).join(', ');\n}\n",
    "endpointAuthType": "XMATTERS",
    "endpointLabel": "xMatters",
    "allowedEnvironment": "HOSTED",
    "accessibleByAll": "NotShared",
    "stage": "DEPLOYED",
    "scriptStepType": "USER",
    "inputs": [
      {
        "id": "e974333a-5bd8-4930-a0e7-ed917535c113",
        "name": "Incident ID",
        "helpText": "ID of the incident to retrieve. Use either the unique identifier (UUID) or the Incident Identifier (INC-123).",
        "defaultValue": "",
        "multiline": false,
        "required": true,
        "validationRegex": "",
        "maxLength": 200,
        "minLength": 0,
        "position": 0
      }
    ],
    "outputs": [
      {
        "id": "29ec92da-9eae-407f-9c71-f5409cffcd87",
        "name": "Incident UUID",
        "description": "Unique identifier of the xMatters incident.",
        "position": 0
      },
      {
        "id": "c4784417-6aae-4122-82a7-64d433d8670f",
        "name": "Incident ID",
        "description": "xMatters-generated or user-provided incident identifier.",
        "position": 1
      },
      {
        "id": "e3a68e4b-c7dc-4a04-a6aa-d3133935365c",
        "name": "Summary",
        "description": "Summary of the incident.",
        "position": 2
      },
      {
        "id": "b1469c53-36f8-473e-a4b9-b72d5dd1522e",
        "name": "Description",
        "description": "Detailed description of the incident.",
        "position": 3
      },
      {
        "id": "fe633676-efe0-45b7-8e2e-76421cc99224",
        "name": "Severity",
        "description": "Severity level of the incident.",
        "position": 4
      },
      {
        "id": "8d718f0e-c9c7-4a16-83e8-1408d4599adf",
        "name": "Status",
        "description": "Status of the incident.",
        "position": 5
      },
      {
        "id": "578ae5f7-71b8-430b-ad27-1f2ec825823b",
        "name": "Initiator User ID",
        "description": "Target name of the user that initiated the incident.",
        "position": 6
      },
      {
        "id": "68d7cc13-355c-41b0-8394-19b73a012caa",
        "name": "Initiator First Name",
        "description": "First name of the user that initiated the incident.",
        "position": 7
      },
      {
        "id": "fe2c6691-615c-4bdc-89bc-1d43867e2550",
        "name": "Initiator Last Name",
        "description": "Last name of the user that initiated the incident.",
        "position": 8
      },
      {
        "id": "4d0125d3-e32c-46eb-a632-c03e59e00c6a",
        "name": "Initiator Name",
        "description": "First name and last name comped.",
        "position": 9
      },
      {
        "id": "1eb6f944-b170-4157-90a8-c30397524cdb",
        "name": "Incident Commander User ID",
        "description": "Target name of the user assigned as the Incident Commander.",
        "position": 10
      },
      {
        "id": "c7a66fe9-305b-4157-a778-8cdfd9dcc522",
        "name": "Incident Commander First Name",
        "description": "First name of the user assigned as the Incident Commander.",
        "position": 11
      },
      {
        "id": "49123b55-f6da-4ace-8ee3-e28d7b7b9e31",
        "name": "Incident Commander Last Name",
        "description": "Last name of the user assigned as the Incident Commander.",
        "position": 12
      },
      {
        "id": "10ea5b40-557b-4f42-91c7-09b282e32984",
        "name": "Incident Commander Name",
        "description": "First name and last name comped.",
        "position": 13
      },
      {
        "id": "41aeeda2-b0e1-4577-8e21-4f3a4b3dd0f6",
        "name": "Start Time",
        "description": "Date and time the incident was initiated.",
        "position": 14
      },
      {
        "id": "0518b06a-cd2a-4b67-b339-23e902b91414",
        "name": "Impact Start Time",
        "description": "Date and time the incident first impacted the business.",
        "position": 15
      },
      {
        "id": "dd41fff5-d7bf-41ff-9f64-9a9d2f201204",
        "name": "Acknowledged Time",
        "description": "Date and time the status was set to In Progress or a resolver became engaged, whichever occurred first.",
        "position": 16
      },
      {
        "id": "ea2374a5-d394-48da-8a38-e58a9d345916",
        "name": "Resolved Time",
        "description": "Date and time the incident was resolved.",
        "position": 17
      },
      {
        "id": "54dcb29a-3ba5-4142-b113-5abfc568d06b",
        "name": "Impacted Services",
        "description": "Comma-separated list services impacted by the incident.",
        "position": 18
      },
      {
        "id": "5d8be41b-60cf-4422-bf34-1a3cec1c5b85",
        "name": "Is Retrieved",
        "description": "If 'true', the incident was retrieved. If 'false', an incident with a matching Incident ID was not found.",
        "position": 19
      },
      {
        "id": "a6d30e4d-9acd-4b34-a2ce-030214b311b2",
        "name": "Status Code",
        "description": "HTTP Status of the Get Incident API call, e.g. 200",
        "position": 20
      },
      {
        "id": "77feef0a-a50c-427b-8aa5-06e0e39f2214",
        "name": "propertiesObject",
        "description": "All custom properties together in a single object. Easy to parse in a follow-on step.",
        "position": 21
      },
      {
        "id": "34564906-5456-4fb4-a742-bf0f1fcd728a",
        "name": "propertiesCount",
        "description": "How many custom properties extractd. Blank/empty properties do not count.",
        "position": 22
      },
      {
        "id": "89b068c4-867f-4bf4-a9c3-77559c9c290e",
        "name": "Incident Type",
        "description": "Incident Type used to create the Incident. Specific sets of custom properties belong to Incident Types",
        "position": 23
      },
      {
        "id": "35812521-d291-48f3-84d0-9433a2ff9c10",
        "name": "Incident Level",
        "description": "Example of a custom Incident property. You can add more if you needed.",
        "position": 24
      },
      {
        "id": "021e18b3-cd95-4c13-b61a-66298239abfa",
        "name": "Region",
        "description": "Another example of a custom Incident property. Add more as needed, to match what is defined in your Incident Types.",
        "position": 25
      },
      {
        "id": "bb5e2faa-d156-4985-84a1-4bfd984a1024",
        "name": "Company",
        "description": "Another example of a custom Incident property. Add more as needed.",
        "position": 26
      }
    ],
    "libraries": []
  },
  {
    "id": "1f956f23-1220-4062-bbcd-97027facdb49",
    "name": "Stringify Object",
    "description": "Transform an object to a string. Good for displaying the Object JSON in a message body. Custom step by Richard Selby, xMatters Consulting, February 2023",
    "icon": "https://s3-xmatters-static.s3.amazonaws.com/null/customers/b1d45caa-e9a4-4422-9702-5aece4f445a0/IMAGE__20201125123845171__recursion2.png",
    "script": "output.string = '[EMPTY]';\n\nif (input.object)\n    output.string = JSON.stringify(input.object);\n\n",
    "endpointLabel": "",
    "allowedEnvironment": "HOSTED",
    "accessibleByAll": "NotShared",
    "stage": "DEPLOYED",
    "scriptStepType": "USER",
    "inputs": [
      {
        "id": "c5263c66-b9a0-485d-a231-ad0bf4ccc428",
        "name": "object",
        "helpText": "",
        "defaultValue": "",
        "multiline": false,
        "required": false,
        "validationRegex": "",
        "maxLength": 20000,
        "minLength": 0,
        "position": 0
      }
    ],
    "outputs": [
      {
        "id": "a09d5b4e-a2dd-40ee-aeec-1a5aa6efe943",
        "name": "string",
        "description": "",
        "position": 0
      }
    ],
    "libraries": []
  },
  {
    "id": "140860ea-5b96-4a47-a550-a3c5b986dc74",
    "name": "xM Remove Service from Incident",
    "description": "Clears all Services from an xMatters Incident record. Custom step by Richard Selby, xM Consulting, Febuary 2024.",
    "icon": "https://s3-xmatters-static.s3.amazonaws.com/null/customers/b1d45caa-e9a4-4422-9702-5aece4f445a0/IMAGE__20231110122449033__removeIcon.png",
    "script": "// Adapted from standard Update Incident step\nconst log = msg => console.log(msg); // Quick log\nconst title = 'xM Remove Service from Incident';\nlog(`${title} step started`);\n\nvar payload = {};\n\npayload.incidentIdentifier = getIncidentIdentifierByAnyIdType(input['Incident ID']);\npayload.impactedServices = '';\nupdateIncident(payload);\n\n\nlog(`${title} step finished\\n`);\n\n/**\n * Sends a request to xM API to fetch an existing incident\n * @param {String} id A UUID or an incidentIdentifier\n * @returns {String} The incidentIdentifier\n */\nfunction getIncidentIdentifierByAnyIdType(id) {\n  return makeAndValidateRequest({ pathParam: id }).incidentIdentifier;\n}\n\n/**\n * Sends a request to xM API to modify an existing incident\n * @param {Object} payload Object containing at least the incident ID and any properties to be modified\n * @returns {Void}\n */\nfunction updateIncident(payload) {\n  return makeAndValidateRequest({ method: 'POST', payload: payload });\n}\n\n/**\n * Sends an HTTP request to an API and return the parsed response on success,\n * Throws a human-readable error if the response falls outside of the accepted statusCodes\n * @param {*} req Object refining the request parameters\n * @returns the parsed body of the API response\n */\nfunction makeAndValidateRequest(req) {\n  var response = http.request({\n    'endpoint': 'xMatters',\n    'method': req.method,\n    'path': '/api/xm/1/incidents' + (req.pathParam ? ('/' + req.pathParam) : '')\n  }).write(req.payload);\n  var responseBody = parseResponseBody(response);\n  if (response.statusCode == 200) {\n      output.removed = true;\n      return responseBody;\n  }\n  else {\n      log('Could not remove service from Incident');\n      log(`${response.statusCode} ${responseBody.message} ${responseBody.reason}`)\n      output.removed = false;\n      return false;\n  }\n}\n\n/**\n * Builds a generic error message describing the action that failed and why\n * @param  {String} messageEnding The ending of the error message that is created\n * @returns {String}               A generic error message that can be thrown\n */\nfunction buildErrorMessage(messageEnding) {\n  return 'Unable to update incident. ' + messageEnding;\n}\n\n/**\n * Builds an error message with an API response\n * @param  {String} statusCode The status code of the response\n * @param  {String} message    The human readable error message returned by the API, or the entire\n * response object stringified if no message is provided\n * @returns {String}            A human readable error message\n */\nfunction buildApiResErrorMessage(statusCode, message) {\n  return 'xMatters API returned status code [' + statusCode + '] with the following:\\n' + message;\n}\n\n/**\n * Throws if response body is not valid JSON\n * @param  {Object} response The object returned by the global http.request().write() method\n * @returns {Object}          The response body we are returning if the response is valid.\n */\nfunction parseResponseBody(response) {\n  try {\n    return JSON.parse(response.body);\n  } catch (e) {\n    throw new Error(buildErrorMessage(buildApiResErrorMessage(response.statusCode, response.body)));\n  }\n}\n\n/**\n * Throws an error if the input value does not match any of the provided valid options\n * @param {*} inputValue the input value\n * @param {String[]} validOptions the list of acceptable values for the input\n * @param {String} inputLabel the name of the input. Used in the message of the error thrown\n */\nfunction validateInput(inputValue, validOptions, inputLabel) {\n  function toLowerCase(str) {\n    return str.toLowerCase();\n  }\n  var str = inputValue.toString();\n  if (validOptions.map(toLowerCase).indexOf(str.toLowerCase()) === -1) {\n    throw new Error(\n      buildErrorMessage('The ' + inputLabel + ' input must be one of: ' + validOptions.join(', ') + '.')\n    );\n  }\n}\n",
    "endpointAuthType": "XMATTERS",
    "endpointLabel": "xMatters",
    "allowedEnvironment": "HOSTED",
    "accessibleByAll": "NotShared",
    "stage": "DEPLOYED",
    "scriptStepType": "USER",
    "inputs": [
      {
        "id": "2854f9b3-c5c4-45fc-9fdf-00ed6382774d",
        "name": "Incident ID",
        "helpText": "ID of the incident to update. Use either the unique identifier (UUID) or the Incident Identifier (INC-123).",
        "defaultValue": "",
        "multiline": false,
        "required": true,
        "validationRegex": "",
        "maxLength": 2000,
        "minLength": 0,
        "position": 0
      }
    ],
    "outputs": [
      {
        "id": "c3e0b5e2-ca1d-4c2d-8e3c-6d88bcba2fe4",
        "name": "removed",
        "description": "true or false",
        "position": 0
      }
    ],
    "libraries": []
  }
]