{
  "version": "1.9",
  "name": "xMatters Incident Flow Steps",
  "description": "Steps for working with xMatters Incidents. 1) xM Get Incident with Properties; 2) xM Search Incidents 3) xM Write Structured Work Note; 4) xM Get Structured Work Note; 5) xM Remove Service from Incident; 6) xM Get Incident URL.  Packaged with a form-based test interface so you can easily experiment with different settings. By Richard Selby, Everbrige Digital Operations team, February 2024",
  "isActive": true,
  "order": 2,
  "iconOverride": "https://s3-xmatters-static.s3.amazonaws.com/image_library/customers/b1d45caa-e9a4-4422-9702-5aece4f445a0/IMAGE__20240214195912832__xm_flame.png",
  "documentLink": "",
  "documentLabel": "",
  "productType": "XM"
}