{
  "name": "Run Flow Step",
  "form": "7ba6c7c2-e10f-427b-8037-6b02bfbfc3cb",
  "blocks": [
    {
      "id": "59c9ce59-4d09-4bec-9aa8-6f482177e85c",
      "label": "Bad",
      "environment": "HOSTED",
      "presentation": "{\"w\":100,\"x\":1341,\"h\":50,\"y\":651}",
      "step": "50bf4d27-5c06-4a68-bd7f-231d291fecc7",
      "stepType": "SCRIPT_STEP"
    },
    {
      "id": "a96629db-d34b-499e-9d30-3abe46e69f33",
      "label": "Big Merge",
      "environment": "HOSTED",
      "presentation": "{\"w\":100,\"x\":2222,\"h\":50,\"y\":922}",
      "stepType": "MERGE",
      "inputMappings": [
        {
          "inputPort": "39b2401f-ee92-4525-ba22-0978f286aa3d",
          "mapping": "${39b2401f-ee92-4525-ba22-0978f286aa3d.Error Output}",
          "outputId": "d81fa6eb-12c5-4b91-9be4-d958504acd51"
        },
        {
          "inputPort": "c555269d-da1a-4789-9d14-51865d575c5c",
          "mapping": "-",
          "outputId": "d81fa6eb-12c5-4b91-9be4-d958504acd51"
        },
        {
          "inputPort": "c555269d-da1a-4789-9d14-51865d575c5c",
          "mapping": "${610b20a4-f13d-440d-90a6-3de72875f77f.xm Incident URL}",
          "outputId": "568bfa68-bed3-4899-a773-9df9cd7a59eb"
        },
        {
          "inputPort": "336f9392-002d-44ec-a95b-55b234712b3b",
          "mapping": "${336f9392-002d-44ec-a95b-55b234712b3b.Step Output}",
          "outputId": "568bfa68-bed3-4899-a773-9df9cd7a59eb"
        },
        {
          "inputPort": "79c5acae-39b0-43b9-ab15-697dd6646047",
          "mapping": "${79c5acae-39b0-43b9-ab15-697dd6646047.Step Output}",
          "outputId": "568bfa68-bed3-4899-a773-9df9cd7a59eb"
        },
        {
          "inputPort": "39b2401f-ee92-4525-ba22-0978f286aa3d",
          "mapping": "${39b2401f-ee92-4525-ba22-0978f286aa3d.Is Error?}",
          "outputId": "85d9b34a-6e85-4784-9bc1-7822ac71398b"
        },
        {
          "inputPort": "c555269d-da1a-4789-9d14-51865d575c5c",
          "mapping": "-",
          "outputId": "85d9b34a-6e85-4784-9bc1-7822ac71398b"
        },
        {
          "inputPort": "a9710e0c-1551-4766-a382-d8602d4f04e8",
          "mapping": "${a9710e0c-1551-4766-a382-d8602d4f04e8.Step Output}",
          "outputId": "568bfa68-bed3-4899-a773-9df9cd7a59eb"
        },
        {
          "inputPort": "336f9392-002d-44ec-a95b-55b234712b3b",
          "mapping": "${336f9392-002d-44ec-a95b-55b234712b3b.Error Output}",
          "outputId": "d81fa6eb-12c5-4b91-9be4-d958504acd51"
        },
        {
          "inputPort": "a9710e0c-1551-4766-a382-d8602d4f04e8",
          "mapping": "${a9710e0c-1551-4766-a382-d8602d4f04e8.Error Output}",
          "outputId": "d81fa6eb-12c5-4b91-9be4-d958504acd51"
        },
        {
          "inputPort": "a9710e0c-1551-4766-a382-d8602d4f04e8",
          "mapping": "${a9710e0c-1551-4766-a382-d8602d4f04e8.Is Error?}",
          "outputId": "85d9b34a-6e85-4784-9bc1-7822ac71398b"
        },
        {
          "inputPort": "6c0fdee2-6827-428c-a25d-7df8f94d4dea",
          "mapping": "${6c0fdee2-6827-428c-a25d-7df8f94d4dea.Step Output}",
          "outputId": "568bfa68-bed3-4899-a773-9df9cd7a59eb"
        },
        {
          "inputPort": "79c5acae-39b0-43b9-ab15-697dd6646047",
          "mapping": "${79c5acae-39b0-43b9-ab15-697dd6646047.Is Error?}",
          "outputId": "85d9b34a-6e85-4784-9bc1-7822ac71398b"
        },
        {
          "inputPort": "6c0fdee2-6827-428c-a25d-7df8f94d4dea",
          "mapping": "${6c0fdee2-6827-428c-a25d-7df8f94d4dea.Error Output}",
          "outputId": "d81fa6eb-12c5-4b91-9be4-d958504acd51"
        },
        {
          "inputPort": "336f9392-002d-44ec-a95b-55b234712b3b",
          "mapping": "${336f9392-002d-44ec-a95b-55b234712b3b.Is Error?}",
          "outputId": "85d9b34a-6e85-4784-9bc1-7822ac71398b"
        },
        {
          "inputPort": "6c0fdee2-6827-428c-a25d-7df8f94d4dea",
          "mapping": "${6c0fdee2-6827-428c-a25d-7df8f94d4dea.Is Error?}",
          "outputId": "85d9b34a-6e85-4784-9bc1-7822ac71398b"
        },
        {
          "inputPort": "79c5acae-39b0-43b9-ab15-697dd6646047",
          "mapping": "${79c5acae-39b0-43b9-ab15-697dd6646047.Error Output}",
          "outputId": "d81fa6eb-12c5-4b91-9be4-d958504acd51"
        },
        {
          "inputPort": "39b2401f-ee92-4525-ba22-0978f286aa3d",
          "mapping": "${39b2401f-ee92-4525-ba22-0978f286aa3d.Step Output}",
          "outputId": "568bfa68-bed3-4899-a773-9df9cd7a59eb"
        }
      ],
      "mergeOutputs": [
        {
          "outputId": "568bfa68-bed3-4899-a773-9df9cd7a59eb",
          "name": "Step Output",
          "order": 0
        },
        {
          "outputId": "85d9b34a-6e85-4784-9bc1-7822ac71398b",
          "name": "Is Error?",
          "order": 1
        },
        {
          "outputId": "d81fa6eb-12c5-4b91-9be4-d958504acd51",
          "name": "Error Output",
          "order": 2
        }
      ]
    },
    {
      "id": "9b7b2d0b-df62-4b00-9687-3f1f6eb22636",
      "label": "Display Step Results",
      "environment": "HOSTED",
      "presentation": "{\"w\":100,\"x\":2504,\"h\":50,\"y\":1040}",
      "step": "ca0c00b8-09e6-49ac-9524-2a108b60a6f3",
      "stepType": "CREATE_EVENT",
      "inputMappings": [
        {
          "inputPort": "input",
          "mapping": "${a96629db-d34b-499e-9d30-3abe46e69f33.Is Error?}",
          "sectionItemKey": "8d9e6f9c-b7e2-4369-b9fb-41f0cec9957b"
        },
        {
          "inputPort": "input",
          "mapping": "${7ba6c7c2-e10f-427b-8037-6b02bfbfc3cb.event.eventId}",
          "sectionItemKey": "89eeca6f-d3c2-4a79-9e30-d449f7c22a76"
        },
        {
          "inputPort": "input",
          "mapping": "${a96629db-d34b-499e-9d30-3abe46e69f33.Error Output}",
          "sectionItemKey": "a326811a-4ab6-4700-8921-fa9722d1f6c2"
        },
        {
          "inputPort": "input",
          "mapping": "${a96629db-d34b-499e-9d30-3abe46e69f33.Step Output}",
          "sectionItemKey": "470879a9-2aa0-4634-b029-67ea25a9c243"
        },
        {
          "inputPort": "input",
          "mapping": "${7ba6c7c2-e10f-427b-8037-6b02bfbfc3cb.event.properties.Step to Run}",
          "sectionItemKey": "56d7e29a-47ca-4003-833c-3fb6f187800c"
        }
      ]
    },
    {
      "id": "639691a5-98ac-4429-ad00-31d85d330631",
      "label": "Error",
      "environment": "HOSTED",
      "presentation": "{\"w\":100,\"x\":1146,\"h\":50,\"y\":132}",
      "step": "50bf4d27-5c06-4a68-bd7f-231d291fecc7",
      "stepType": "SCRIPT_STEP"
    },
    {
      "id": "a9710e0c-1551-4766-a382-d8602d4f04e8",
      "label": "Get Inc with Props Merge",
      "environment": "HOSTED",
      "presentation": "{\"w\":100,\"x\":1336,\"h\":50,\"y\":-299}",
      "stepType": "MERGE",
      "inputMappings": [
        {
          "inputPort": "1a40ea53-74e2-4f94-9c11-e73ff69edcf3",
          "mapping": "Incident ID: ${e83ac3d9-f01e-49db-834f-450ab7a4fe9f.Incident ID}<br>\nSummary: ${e83ac3d9-f01e-49db-834f-450ab7a4fe9f.Summary}<br>\nDesciption: ${e83ac3d9-f01e-49db-834f-450ab7a4fe9f.Description}<br>\nIncident Type: ${e83ac3d9-f01e-49db-834f-450ab7a4fe9f.Incident Type}<br> \n++ CUSTOM PROPERTIES ++<br>\nIncident Level: ${e83ac3d9-f01e-49db-834f-450ab7a4fe9f.Incident Level}<br>\nRegion: ${e83ac3d9-f01e-49db-834f-450ab7a4fe9f.Region}<br>\npropertiesObject: ${1a40ea53-74e2-4f94-9c11-e73ff69edcf3.string}<br>\npropertiesCount: ${e83ac3d9-f01e-49db-834f-450ab7a4fe9f.propertiesCount}",
          "outputId": "98251f90-37f3-47e7-ab75-179be7663eea"
        },
        {
          "inputPort": "b48e7db3-ce33-4073-808d-736f54ca1d03",
          "mapping": "HTTP Status Code ${e83ac3d9-f01e-49db-834f-450ab7a4fe9f.Status Code}",
          "outputId": "0228d7d2-ef00-47c2-aaf6-7f33722dec77"
        },
        {
          "inputPort": "b48e7db3-ce33-4073-808d-736f54ca1d03",
          "mapping": "-",
          "outputId": "98251f90-37f3-47e7-ab75-179be7663eea"
        },
        {
          "inputPort": "1a40ea53-74e2-4f94-9c11-e73ff69edcf3",
          "mapping": "-",
          "outputId": "0228d7d2-ef00-47c2-aaf6-7f33722dec77"
        },
        {
          "inputPort": "b48e7db3-ce33-4073-808d-736f54ca1d03",
          "mapping": "​true",
          "outputId": "1467fc9e-08b5-4a1e-9637-7b5637d0c6b3"
        },
        {
          "inputPort": "1a40ea53-74e2-4f94-9c11-e73ff69edcf3",
          "mapping": "-",
          "outputId": "1467fc9e-08b5-4a1e-9637-7b5637d0c6b3"
        }
      ],
      "mergeOutputs": [
        {
          "outputId": "98251f90-37f3-47e7-ab75-179be7663eea",
          "name": "Step Output",
          "order": 0
        },
        {
          "outputId": "1467fc9e-08b5-4a1e-9637-7b5637d0c6b3",
          "name": "Is Error?",
          "order": 1
        },
        {
          "outputId": "0228d7d2-ef00-47c2-aaf6-7f33722dec77",
          "name": "Error Output",
          "order": 2
        }
      ]
    },
    {
      "id": "c555269d-da1a-4789-9d14-51865d575c5c",
      "label": "Get Incident URL",
      "environment": "HOSTED",
      "presentation": "{\"w\":100,\"x\":1916,\"h\":50,\"y\":2345}",
      "step": "50bf4d27-5c06-4a68-bd7f-231d291fecc7",
      "stepType": "SCRIPT_STEP"
    },
    {
      "id": "39b2401f-ee92-4525-ba22-0978f286aa3d",
      "label": "Get Work Note Merge",
      "environment": "HOSTED",
      "presentation": "{\"w\":100,\"x\":1756,\"h\":50,\"y\":1312}",
      "stepType": "MERGE",
      "inputMappings": [
        {
          "inputPort": "fee31c89-5772-422a-8c49-8169e5e398f4",
          "mapping": "${b727ae37-2341-4c36-818f-4c0831176cf1.warningMsg}",
          "outputId": "3c9d2806-bb69-48dc-b5a8-734999523391"
        },
        {
          "inputPort": "183994b1-49c5-4d5e-b535-4c40da7c5c88",
          "mapping": "-",
          "outputId": "3c9d2806-bb69-48dc-b5a8-734999523391"
        },
        {
          "inputPort": "fee31c89-5772-422a-8c49-8169e5e398f4",
          "mapping": "${b727ae37-2341-4c36-818f-4c0831176cf1.warning}",
          "outputId": "30b9d2f3-2d92-4b0f-aad9-bf433c26b0fe"
        },
        {
          "inputPort": "fee31c89-5772-422a-8c49-8169e5e398f4",
          "mapping": "-",
          "outputId": "5b2354a2-b5fa-4eb7-844d-1c16bbc6acf4"
        },
        {
          "inputPort": "183994b1-49c5-4d5e-b535-4c40da7c5c88",
          "mapping": "${7ba6c7c2-e10f-427b-8037-6b02bfbfc3cb.event.properties.Key (get worknote)}: ${b727ae37-2341-4c36-818f-4c0831176cf1.worknote}",
          "outputId": "5b2354a2-b5fa-4eb7-844d-1c16bbc6acf4"
        },
        {
          "inputPort": "183994b1-49c5-4d5e-b535-4c40da7c5c88",
          "mapping": "-",
          "outputId": "30b9d2f3-2d92-4b0f-aad9-bf433c26b0fe"
        }
      ],
      "mergeOutputs": [
        {
          "outputId": "5b2354a2-b5fa-4eb7-844d-1c16bbc6acf4",
          "name": "Step Output",
          "order": 0
        },
        {
          "outputId": "30b9d2f3-2d92-4b0f-aad9-bf433c26b0fe",
          "name": "Is Error?",
          "order": 1
        },
        {
          "outputId": "3c9d2806-bb69-48dc-b5a8-734999523391",
          "name": "Error Output",
          "order": 2
        }
      ]
    },
    {
      "id": "8b3c7995-25ea-49fd-b58a-75f63bed5418",
      "label": "Good",
      "environment": "HOSTED",
      "presentation": "{\"w\":100,\"x\":1225,\"h\":50,\"y\":282}",
      "step": "50bf4d27-5c06-4a68-bd7f-231d291fecc7",
      "stepType": "SCRIPT_STEP"
    },
    {
      "id": "183994b1-49c5-4d5e-b535-4c40da7c5c88",
      "label": "Good",
      "environment": "HOSTED",
      "presentation": "{\"w\":100,\"x\":1520,\"h\":50,\"y\":1360}",
      "step": "50bf4d27-5c06-4a68-bd7f-231d291fecc7",
      "stepType": "SCRIPT_STEP"
    },
    {
      "id": "26a183b1-3ff6-46c5-b90f-2e25df057d6b",
      "label": "Good",
      "environment": "HOSTED",
      "presentation": "{\"w\":100,\"x\":1423,\"h\":50,\"y\":801}",
      "step": "50bf4d27-5c06-4a68-bd7f-231d291fecc7",
      "stepType": "SCRIPT_STEP"
    },
    {
      "id": "5d98a458-1cfb-4b32-bcf4-5101a92b2e5c",
      "label": "Incident Initiation - Scary incident",
      "environment": "HOSTED",
      "presentation": "{\"w\":100,\"x\":-431,\"h\":50,\"y\":-562}",
      "step": "00160716-b27e-4988-b3ee-10e315d343fc",
      "stepType": "INTEGRATION"
    },
    {
      "id": "9446d7df-6665-4ab0-a9ef-c01f9ad54ccc",
      "label": "Initiate Incident",
      "environment": "HOSTED",
      "presentation": "{\"w\":100,\"x\":-157,\"h\":50,\"y\":-561}",
      "step": "ce96308e-aa54-564d-97b0-33b3c1c1b73a",
      "stepType": "SCRIPT_STEP",
      "inputMappings": [
        {
          "inputPort": "input",
          "mapping": "${5d98a458-1cfb-4b32-bcf4-5101a92b2e5c.properties.Incident Level}",
          "sectionItemKey": "a4a50122-e34a-47e1-b103-f33b219bedca"
        },
        {
          "inputPort": "input",
          "mapping": "${5d98a458-1cfb-4b32-bcf4-5101a92b2e5c.properties.Company}",
          "sectionItemKey": "c50cabff-5039-4422-b778-5490508e5f54"
        },
        {
          "inputPort": "input",
          "mapping": "${5d98a458-1cfb-4b32-bcf4-5101a92b2e5c.incident.summary}",
          "stepInput": "3ee09491-a355-5a0d-b5cd-ec44297d5e36"
        },
        {
          "inputPort": "input",
          "mapping": "${5d98a458-1cfb-4b32-bcf4-5101a92b2e5c.properties.Region}",
          "sectionItemKey": "6b8c550d-e2b3-4c7a-b6eb-b7b4dd4f17e1"
        },
        {
          "inputPort": "input",
          "mapping": "${5d98a458-1cfb-4b32-bcf4-5101a92b2e5c.incident.description}",
          "stepInput": "b78e5000-4866-5ca8-8476-3cf95e47dc1a"
        },
        {
          "inputPort": "input",
          "mapping": "${5d98a458-1cfb-4b32-bcf4-5101a92b2e5c.incident.severity}",
          "stepInput": "2d0b9932-1565-56bf-95f0-bac6b71ca35e"
        },
        {
          "inputPort": "input",
          "mapping": "${5d98a458-1cfb-4b32-bcf4-5101a92b2e5c.properties.Impacted Services}",
          "stepInput": "d4cc4154-d1ee-5dc2-bbf0-d5c86a2d5228"
        },
        {
          "inputPort": "input",
          "mapping": "${5d98a458-1cfb-4b32-bcf4-5101a92b2e5c.properties.Number}",
          "stepInput": "01866abf-c3e8-5710-801b-b82804312fa8"
        },
        {
          "inputPort": "input",
          "mapping": "f009402f-a519-41a9-9f0d-b484e8e206f9",
          "stepInput": "02d24be4-bcc4-5850-9909-20362c94be3f"
        }
      ]
    },
    {
      "id": "885e7cba-a69c-4204-8202-1c80c4cff78d",
      "label": "Is Retrieved?",
      "environment": "HOSTED",
      "presentation": "{\"w\":100,\"x\":726,\"h\":50,\"y\":-516}",
      "stepType": "SWITCH",
      "inputMappings": [
        {
          "inputPort": "input",
          "mapping": "${e83ac3d9-f01e-49db-834f-450ab7a4fe9f.Is Retrieved}"
        }
      ],
      "switchCases": [
        {
          "caseId": "0ab8e098-a6ea-40f1-9468-3b9f4cca322f",
          "caseValue": "true"
        }
      ]
    },
    {
      "id": "b48e7db3-ce33-4073-808d-736f54ca1d03",
      "label": "No Incident",
      "environment": "HOSTED",
      "presentation": "{\"w\":100,\"x\":1103,\"h\":50,\"y\":-230}",
      "step": "50bf4d27-5c06-4a68-bd7f-231d291fecc7",
      "stepType": "SCRIPT_STEP"
    },
    {
      "id": "95caf883-249d-47d7-a745-1520f14e048a",
      "label": "Not Removed",
      "environment": "HOSTED",
      "presentation": "{\"w\":100,\"x\":1702,\"h\":50,\"y\":1979}",
      "step": "50bf4d27-5c06-4a68-bd7f-231d291fecc7",
      "stepType": "SCRIPT_STEP"
    },
    {
      "id": "336f9392-002d-44ec-a95b-55b234712b3b",
      "label": "Remove Service Merge",
      "environment": "HOSTED",
      "presentation": "{\"w\":100,\"x\":1911,\"h\":50,\"y\":1907}",
      "stepType": "MERGE",
      "inputMappings": [
        {
          "inputPort": "d6b744dd-b297-4c66-99d5-09c6da5d8bc3",
          "mapping": "-",
          "outputId": "57435763-9073-49c6-998d-08a7c024f541"
        },
        {
          "inputPort": "95caf883-249d-47d7-a745-1520f14e048a",
          "mapping": "Removed: ${9e48d728-84cc-4d86-83a5-29a5edfa8201.removed}",
          "outputId": "c1b34ba1-c4f3-4447-993b-64132e0ccc15"
        },
        {
          "inputPort": "95caf883-249d-47d7-a745-1520f14e048a",
          "mapping": "true",
          "outputId": "57435763-9073-49c6-998d-08a7c024f541"
        },
        {
          "inputPort": "d6b744dd-b297-4c66-99d5-09c6da5d8bc3",
          "mapping": "-",
          "outputId": "2bb6f5e2-e315-47ca-9e9a-a1ad01cdf1f5"
        },
        {
          "inputPort": "95caf883-249d-47d7-a745-1520f14e048a",
          "mapping": "Service not removed from Incident",
          "outputId": "2bb6f5e2-e315-47ca-9e9a-a1ad01cdf1f5"
        },
        {
          "inputPort": "d6b744dd-b297-4c66-99d5-09c6da5d8bc3",
          "mapping": "Removed: ${9e48d728-84cc-4d86-83a5-29a5edfa8201.removed}",
          "outputId": "c1b34ba1-c4f3-4447-993b-64132e0ccc15"
        }
      ],
      "mergeOutputs": [
        {
          "outputId": "c1b34ba1-c4f3-4447-993b-64132e0ccc15",
          "name": "Step Output",
          "order": 0
        },
        {
          "outputId": "57435763-9073-49c6-998d-08a7c024f541",
          "name": "Is Error?",
          "order": 1
        },
        {
          "outputId": "2bb6f5e2-e315-47ca-9e9a-a1ad01cdf1f5",
          "name": "Error Output",
          "order": 2
        }
      ]
    },
    {
      "id": "d6b744dd-b297-4c66-99d5-09c6da5d8bc3",
      "label": "Removed",
      "environment": "HOSTED",
      "presentation": "{\"w\":100,\"x\":1574,\"h\":50,\"y\":1829}",
      "step": "50bf4d27-5c06-4a68-bd7f-231d291fecc7",
      "stepType": "SCRIPT_STEP"
    },
    {
      "id": "61def3f4-63b5-48a0-9cc5-8d4835a2c146",
      "label": "Removed?",
      "environment": "HOSTED",
      "presentation": "{\"w\":100,\"x\":1340,\"h\":50,\"y\":1694}",
      "stepType": "SWITCH",
      "inputMappings": [
        {
          "inputPort": "input",
          "mapping": "${9e48d728-84cc-4d86-83a5-29a5edfa8201.removed}"
        }
      ],
      "switchCases": [
        {
          "caseId": "c123eff1-d5b4-4a9c-9658-44e34c27f9e4",
          "caseValue": "true"
        }
      ]
    },
    {
      "id": "d0e7f2c8-627d-4b65-83fb-08d3f59c8964",
      "label": "Run Flow Step - Alert Status Updates",
      "environment": "HOSTED",
      "presentation": "{\"w\":100,\"x\":-816,\"h\":50,\"y\":812}",
      "step": "1dc1b644-f188-407a-9276-55c036b36e42",
      "stepType": "INTEGRATION"
    },
    {
      "id": "6c0fdee2-6827-428c-a25d-7df8f94d4dea",
      "label": "Search Incident Merge",
      "environment": "HOSTED",
      "presentation": "{\"w\":100,\"x\":1472,\"h\":50,\"y\":197}",
      "stepType": "MERGE",
      "inputMappings": [
        {
          "inputPort": "8b3c7995-25ea-49fd-b58a-75f63bed5418",
          "mapping": "Incident IDs: ${e8fed6f0-aa42-42ef-9011-40ce672f99e6.Incident IDs}<br>\nCount: ${e8fed6f0-aa42-42ef-9011-40ce672f99e6.Count}",
          "outputId": "e8395808-1f3d-4dd4-9688-fd1367e2ba49"
        },
        {
          "inputPort": "639691a5-98ac-4429-ad00-31d85d330631",
          "mapping": "​count:${e8fed6f0-aa42-42ef-9011-40ce672f99e6.Count}",
          "outputId": "e8395808-1f3d-4dd4-9688-fd1367e2ba49"
        },
        {
          "inputPort": "639691a5-98ac-4429-ad00-31d85d330631",
          "mapping": "${e8fed6f0-aa42-42ef-9011-40ce672f99e6.error}",
          "outputId": "ede360a1-82b5-447c-912b-e8a8d96d271a"
        },
        {
          "inputPort": "8b3c7995-25ea-49fd-b58a-75f63bed5418",
          "mapping": "-",
          "outputId": "f9c727c2-3c80-4775-97d6-f4b68ad2f8e2"
        },
        {
          "inputPort": "639691a5-98ac-4429-ad00-31d85d330631",
          "mapping": "statusCode: ${e8fed6f0-aa42-42ef-9011-40ce672f99e6.statusCode}<br>\nerrorMsg: ${e8fed6f0-aa42-42ef-9011-40ce672f99e6.errorMsg}",
          "outputId": "f9c727c2-3c80-4775-97d6-f4b68ad2f8e2"
        },
        {
          "inputPort": "8b3c7995-25ea-49fd-b58a-75f63bed5418",
          "mapping": "-",
          "outputId": "ede360a1-82b5-447c-912b-e8a8d96d271a"
        }
      ],
      "mergeOutputs": [
        {
          "outputId": "e8395808-1f3d-4dd4-9688-fd1367e2ba49",
          "name": "Step Output",
          "order": 0
        },
        {
          "outputId": "ede360a1-82b5-447c-912b-e8a8d96d271a",
          "name": "Is Error?",
          "order": 1
        },
        {
          "outputId": "f9c727c2-3c80-4775-97d6-f4b68ad2f8e2",
          "name": "Error Output",
          "order": 2
        }
      ]
    },
    {
      "id": "05c0a439-dffa-4969-9ca9-e0f872483c5c",
      "label": "Status?",
      "environment": "HOSTED",
      "presentation": "{\"w\":100,\"x\":-450,\"h\":50,\"y\":609}",
      "stepType": "SWITCH",
      "inputMappings": [
        {
          "inputPort": "input",
          "mapping": "${7ba6c7c2-e10f-427b-8037-6b02bfbfc3cb.event.status}"
        }
      ],
      "switchCases": [
        {
          "caseId": "9c34fb68-fce8-49d9-bd8f-6f2a4bd60a47",
          "caseValue": "ACTIVE"
        }
      ]
    },
    {
      "id": "b022c523-e974-4a8e-96ff-99aa30ae0a96",
      "label": "Step to Run?",
      "environment": "HOSTED",
      "presentation": "{\"w\":100,\"x\":-61,\"h\":50,\"y\":-79}",
      "stepType": "SWITCH",
      "inputMappings": [
        {
          "inputPort": "input",
          "mapping": "${7ba6c7c2-e10f-427b-8037-6b02bfbfc3cb.event.properties.Step to Run}"
        }
      ],
      "switchCases": [
        {
          "caseId": "cb0496d0-45b2-4ef8-87f6-cbe03a8441d8",
          "caseValue": "xM Get Incident with Properties"
        },
        {
          "caseId": "d55a3855-c411-4781-9dd3-471063898251",
          "caseValue": "_spacer1_"
        },
        {
          "caseId": "3da80eed-0e3f-4324-9eb4-78cb80343815",
          "caseValue": "xM Search Incidents"
        },
        {
          "caseId": "5640f2b6-d6bf-4589-ab68-d42a5f60768c",
          "caseValue": "_spacer2_"
        },
        {
          "caseId": "40337811-fb1e-4d8b-a2d0-efe81d3de31b",
          "caseValue": "xM Write Structured Work Note"
        },
        {
          "caseId": "b47a1569-039e-400f-b7fe-9909500520d4",
          "caseValue": "_spacer3_"
        },
        {
          "caseId": "c480bbf2-3c3b-45e4-a87e-749d0ca43791",
          "caseValue": "xM Get Structured Work Note"
        },
        {
          "caseId": "525a440e-bd4e-442e-a7c9-0ddafd2ca62f",
          "caseValue": "_spacer4_"
        },
        {
          "caseId": "9e65e63d-4f11-4fd2-a461-7412517ccace",
          "caseValue": "_xM Remove Service from Incident"
        },
        {
          "caseId": "5a29dd64-9aa6-4cc2-b347-36dcf04d33b5",
          "caseValue": "_spacer5_"
        },
        {
          "caseId": "3888314c-8937-454a-b1c1-ec102042b1af",
          "caseValue": "xM Get Incident URL"
        }
      ]
    },
    {
      "id": "1a40ea53-74e2-4f94-9c11-e73ff69edcf3",
      "label": "Stringify Properties Object",
      "environment": "HOSTED",
      "presentation": "{\"w\":100,\"x\":1023,\"h\":50,\"y\":-380}",
      "step": "1f956f23-1220-4062-bbcd-97027facdb49",
      "stepType": "SCRIPT_STEP",
      "inputMappings": [
        {
          "inputPort": "input",
          "mapping": "${e83ac3d9-f01e-49db-834f-450ab7a4fe9f.propertiesObject}",
          "stepInput": "c5263c66-b9a0-485d-a231-ad0bf4ccc428"
        }
      ]
    },
    {
      "id": "fee31c89-5772-422a-8c49-8169e5e398f4",
      "label": "Warning",
      "environment": "HOSTED",
      "presentation": "{\"w\":100,\"x\":1421,\"h\":50,\"y\":1210}",
      "step": "50bf4d27-5c06-4a68-bd7f-231d291fecc7",
      "stepType": "SCRIPT_STEP"
    },
    {
      "id": "79c5acae-39b0-43b9-ab15-697dd6646047",
      "label": "Write Worknote Merge",
      "environment": "HOSTED",
      "presentation": "{\"w\":100,\"x\":1642,\"h\":50,\"y\":724}",
      "stepType": "MERGE",
      "inputMappings": [
        {
          "inputPort": "26a183b1-3ff6-46c5-b90f-2e25df057d6b",
          "mapping": "${aa8a573f-6eb0-483d-a368-e23740134054.worknote}",
          "outputId": "5c3890a7-c4a6-4b6b-8689-592590f95787"
        },
        {
          "inputPort": "59c9ce59-4d09-4bec-9aa8-6f482177e85c",
          "mapping": "${aa8a573f-6eb0-483d-a368-e23740134054.warning}",
          "outputId": "b2decc04-d266-4850-971a-eb451eefbb4f"
        },
        {
          "inputPort": "26a183b1-3ff6-46c5-b90f-2e25df057d6b",
          "mapping": "-",
          "outputId": "e379e916-6e74-48cc-9ad6-ae5554201cc9"
        },
        {
          "inputPort": "59c9ce59-4d09-4bec-9aa8-6f482177e85c",
          "mapping": "${aa8a573f-6eb0-483d-a368-e23740134054.warningMsg}",
          "outputId": "e379e916-6e74-48cc-9ad6-ae5554201cc9"
        },
        {
          "inputPort": "26a183b1-3ff6-46c5-b90f-2e25df057d6b",
          "mapping": "-",
          "outputId": "b2decc04-d266-4850-971a-eb451eefbb4f"
        },
        {
          "inputPort": "59c9ce59-4d09-4bec-9aa8-6f482177e85c",
          "mapping": "-",
          "outputId": "5c3890a7-c4a6-4b6b-8689-592590f95787"
        }
      ],
      "mergeOutputs": [
        {
          "outputId": "5c3890a7-c4a6-4b6b-8689-592590f95787",
          "name": "Step Output",
          "order": 0
        },
        {
          "outputId": "b2decc04-d266-4850-971a-eb451eefbb4f",
          "name": "Is Error?",
          "order": 1
        },
        {
          "outputId": "e379e916-6e74-48cc-9ad6-ae5554201cc9",
          "name": "Error Output",
          "order": 2
        }
      ]
    },
    {
      "id": "e26d9ba8-8189-4855-9d11-361b6cc73ac8",
      "label": "isError?",
      "environment": "HOSTED",
      "presentation": "{\"w\":100,\"x\":956,\"h\":50,\"y\":-3}",
      "stepType": "SWITCH",
      "inputMappings": [
        {
          "inputPort": "input",
          "mapping": "${e8fed6f0-aa42-42ef-9011-40ce672f99e6.error}"
        }
      ],
      "switchCases": [
        {
          "caseId": "9faefa54-28f8-4080-8a4c-bad2f139daa0",
          "caseValue": "true"
        }
      ]
    },
    {
      "id": "dceabc1e-3f3d-4ef7-801b-e4feea75673b",
      "label": "isWarning?",
      "environment": "HOSTED",
      "presentation": "{\"w\":100,\"x\":1224,\"h\":50,\"y\":1076}",
      "stepType": "SWITCH",
      "inputMappings": [
        {
          "inputPort": "input",
          "mapping": "${b727ae37-2341-4c36-818f-4c0831176cf1.warning}"
        }
      ],
      "switchCases": [
        {
          "caseId": "4658ab50-7ef4-4871-9859-df45040e2692",
          "caseValue": "true"
        }
      ]
    },
    {
      "id": "1fb3c1b1-7b47-41e7-b056-f68d452bd3cf",
      "label": "isWarning?",
      "environment": "HOSTED",
      "presentation": "{\"w\":100,\"x\":1110,\"h\":50,\"y\":516}",
      "stepType": "SWITCH",
      "inputMappings": [
        {
          "inputPort": "input",
          "mapping": "${aa8a573f-6eb0-483d-a368-e23740134054.warning}"
        }
      ],
      "switchCases": [
        {
          "caseId": "f10277f5-3811-41c8-8034-79cdbeed46cd",
          "caseValue": "true"
        }
      ]
    },
    {
      "id": "610b20a4-f13d-440d-90a6-3de72875f77f",
      "label": "xM Get Incident URL",
      "environment": "HOSTED",
      "presentation": "{\"w\":100,\"x\":523,\"h\":50,\"y\":2139}",
      "step": "2b50b7db-e3fd-45ba-b04e-63a6506f090c",
      "stepType": "SCRIPT_STEP",
      "inputMappings": [
        {
          "inputPort": "input",
          "mapping": "https:://richselby.xmatters.com/",
          "stepInput": "5cf6ce53-b8b4-4a0c-9bb0-b02a0027e2ee"
        },
        {
          "inputPort": "input",
          "mapping": "${7ba6c7c2-e10f-427b-8037-6b02bfbfc3cb.event.properties.Incident ID (Get URL)}",
          "stepInput": "3f5ec8da-4892-48ee-9dcc-737f3f392b78"
        }
      ]
    },
    {
      "id": "e83ac3d9-f01e-49db-834f-450ab7a4fe9f",
      "label": "xM Get Incident with Properties",
      "environment": "HOSTED",
      "presentation": "{\"w\":100,\"x\":281,\"h\":50,\"y\":-137}",
      "step": "2d8f93fe-10ca-4d23-8cac-e69c5e9e97e9",
      "stepType": "SCRIPT_STEP",
      "inputMappings": [
        {
          "inputPort": "input",
          "mapping": "${7ba6c7c2-e10f-427b-8037-6b02bfbfc3cb.event.properties.Incident ID (xM Get Incident with Properties)}",
          "stepInput": "e974333a-5bd8-4930-a0e7-ed917535c113"
        }
      ]
    },
    {
      "id": "b727ae37-2341-4c36-818f-4c0831176cf1",
      "label": "xM Get Structured Work Note",
      "environment": "HOSTED",
      "presentation": "{\"w\":100,\"x\":771,\"h\":50,\"y\":955}",
      "step": "9962297c-8c58-40c5-abb6-ceb3e08a76a9",
      "stepType": "SCRIPT_STEP",
      "inputMappings": [
        {
          "inputPort": "input",
          "mapping": "${7ba6c7c2-e10f-427b-8037-6b02bfbfc3cb.event.properties.Incident ID (get worknote)}",
          "stepInput": "88b94733-58da-4b43-b497-91f8272ba676"
        },
        {
          "inputPort": "input",
          "mapping": "${7ba6c7c2-e10f-427b-8037-6b02bfbfc3cb.event.properties.Key (get worknote)}",
          "stepInput": "ac343c54-3259-48e4-944c-3c772554e9de"
        },
        {
          "inputPort": "input",
          "mapping": "${7ba6c7c2-e10f-427b-8037-6b02bfbfc3cb.event.properties.Separator (get worknote)}",
          "stepInput": "86b4dc70-d69b-4c51-875b-c92f6f4c24e3"
        }
      ]
    },
    {
      "id": "9e48d728-84cc-4d86-83a5-29a5edfa8201",
      "label": "xM Remove Service from Incident",
      "environment": "HOSTED",
      "presentation": "{\"w\":100,\"x\":695,\"h\":50,\"y\":1494}",
      "step": "140860ea-5b96-4a47-a550-a3c5b986dc74",
      "stepType": "SCRIPT_STEP",
      "inputMappings": [
        {
          "inputPort": "input",
          "mapping": "${7ba6c7c2-e10f-427b-8037-6b02bfbfc3cb.event.properties.Incident ID (Remove Service)}",
          "stepInput": "2854f9b3-c5c4-45fc-9fdf-00ed6382774d"
        }
      ]
    },
    {
      "id": "e8fed6f0-aa42-42ef-9011-40ce672f99e6",
      "label": "xM Search Incidents",
      "environment": "HOSTED",
      "presentation": "{\"w\":100,\"x\":447,\"h\":50,\"y\":212}",
      "step": "ec6611da-87d8-428c-9373-0bdbaf60c750",
      "stepType": "SCRIPT_STEP",
      "inputMappings": [
        {
          "inputPort": "input",
          "mapping": "${7ba6c7c2-e10f-427b-8037-6b02bfbfc3cb.event.properties.search Status}",
          "stepInput": "3b3c794d-95a7-477d-9f7c-c972ba8909c3"
        },
        {
          "inputPort": "input",
          "mapping": "${7ba6c7c2-e10f-427b-8037-6b02bfbfc3cb.event.properties.search Severity}",
          "stepInput": "ebdfff6a-6182-425f-9070-8d6b51dab5a6"
        },
        {
          "inputPort": "input",
          "mapping": "${7ba6c7c2-e10f-427b-8037-6b02bfbfc3cb.event.properties.search Impacted Services}",
          "stepInput": "3df5371c-abd4-4d10-b374-ae62fccebbeb"
        },
        {
          "inputPort": "input",
          "mapping": "${7ba6c7c2-e10f-427b-8037-6b02bfbfc3cb.event.properties.search Request ID}",
          "stepInput": "f8b0029f-e3d3-4219-b317-393d9eefdf7a"
        },
        {
          "inputPort": "input",
          "mapping": "${7ba6c7c2-e10f-427b-8037-6b02bfbfc3cb.event.properties.search Resolver Groups}",
          "stepInput": "c78087a1-f30d-42b3-b227-6c8e6cac6712"
        },
        {
          "inputPort": "input",
          "mapping": "${7ba6c7c2-e10f-427b-8037-6b02bfbfc3cb.event.properties.search Incident Type}",
          "stepInput": "61b9014d-6503-4efb-9d89-43f61701c4f5"
        },
        {
          "inputPort": "input",
          "mapping": "${7ba6c7c2-e10f-427b-8037-6b02bfbfc3cb.event.properties.search Incident ID}",
          "stepInput": "6f816751-ae1d-4262-a417-a3de2c08d8fa"
        },
        {
          "inputPort": "input",
          "mapping": "${7ba6c7c2-e10f-427b-8037-6b02bfbfc3cb.event.properties.search Summary}",
          "stepInput": "58a844f7-60f4-4aaf-be0e-c1a23758a6ff"
        },
        {
          "inputPort": "input",
          "mapping": "${7ba6c7c2-e10f-427b-8037-6b02bfbfc3cb.event.properties.search Description}",
          "stepInput": "8d44c765-f174-4075-a06a-bf9964ebd2f2"
        },
        {
          "inputPort": "input",
          "mapping": "${7ba6c7c2-e10f-427b-8037-6b02bfbfc3cb.event.properties.search All Text Fields}",
          "stepInput": "34fb40b4-aeb5-43a5-b991-7a322caf91d5"
        },
        {
          "inputPort": "input",
          "mapping": "${7ba6c7c2-e10f-427b-8037-6b02bfbfc3cb.event.properties.search Use And or Or}",
          "stepInput": "ee31c137-ef99-46f1-9c7a-d806f1a2d1eb"
        },
        {
          "inputPort": "input",
          "mapping": "${7ba6c7c2-e10f-427b-8037-6b02bfbfc3cb.event.properties.search_property1_name}",
          "stepInput": "0ddbfe56-2216-42d9-9c50-bff928aaa701"
        },
        {
          "inputPort": "input",
          "mapping": "${7ba6c7c2-e10f-427b-8037-6b02bfbfc3cb.event.properties.search_property1_value}",
          "stepInput": "9585d7fd-60d0-4d2d-aa86-674603eb91b6"
        },
        {
          "inputPort": "input",
          "mapping": "${7ba6c7c2-e10f-427b-8037-6b02bfbfc3cb.event.properties.search_property2_name}",
          "stepInput": "9f08a9e4-e034-4e25-9255-eedc23fe90ac"
        },
        {
          "inputPort": "input",
          "mapping": "${7ba6c7c2-e10f-427b-8037-6b02bfbfc3cb.event.properties.search_property2_value}",
          "stepInput": "6e8b38da-69e6-4dc3-bd9a-157bbbeb9ff5"
        },
        {
          "inputPort": "input",
          "mapping": "${7ba6c7c2-e10f-427b-8037-6b02bfbfc3cb.event.properties.search Custom Props Use And or Or}",
          "stepInput": "5540b947-bd16-4c98-ba0f-f80fd922e276"
        },
        {
          "inputPort": "input",
          "mapping": "${7ba6c7c2-e10f-427b-8037-6b02bfbfc3cb.event.properties.Sort By}",
          "stepInput": "91d59721-5cfd-42e3-9bc2-2571f400f7de"
        },
        {
          "inputPort": "input",
          "mapping": "${7ba6c7c2-e10f-427b-8037-6b02bfbfc3cb.event.properties.Sort Order}",
          "stepInput": "37422d9b-8fc4-4b7a-9e0a-32af7accb926"
        },
        {
          "inputPort": "input",
          "mapping": "${7ba6c7c2-e10f-427b-8037-6b02bfbfc3cb.event.properties.Max}",
          "stepInput": "dc22519f-2679-4894-b913-6b8be9ea33a8"
        }
      ]
    },
    {
      "id": "aa8a573f-6eb0-483d-a368-e23740134054",
      "label": "xM Write Structured Work Note",
      "environment": "HOSTED",
      "presentation": "{\"w\":100,\"x\":653,\"h\":50,\"y\":508}",
      "step": "e7bce446-989d-4017-a64a-045c1f9c7c15",
      "stepType": "SCRIPT_STEP",
      "inputMappings": [
        {
          "inputPort": "input",
          "mapping": "${7ba6c7c2-e10f-427b-8037-6b02bfbfc3cb.event.properties.Incident ID (write worknote)}",
          "stepInput": "d560711d-f99a-490c-a6c0-9b764c9e36ee"
        },
        {
          "inputPort": "input",
          "mapping": "${7ba6c7c2-e10f-427b-8037-6b02bfbfc3cb.event.properties.Key (write worknote)}",
          "stepInput": "50e52f88-6d56-4157-b71a-7eab848d76ff"
        },
        {
          "inputPort": "input",
          "mapping": "${7ba6c7c2-e10f-427b-8037-6b02bfbfc3cb.event.properties.Separator (write worknote)}",
          "stepInput": "dec099c4-dc9b-4971-98a8-898eb99b4cb0"
        },
        {
          "inputPort": "input",
          "mapping": "${7ba6c7c2-e10f-427b-8037-6b02bfbfc3cb.event.properties.Value (write worknote)}",
          "stepInput": "349a876e-b3ec-4ac1-9e1d-1a35b4b162d6"
        }
      ]
    }
  ],
  "edges": [
    {
      "fromBlock": "885e7cba-a69c-4204-8202-1c80c4cff78d",
      "fromPort": "output",
      "toBlock": "b48e7db3-ce33-4073-808d-736f54ca1d03",
      "toPort": "input"
    },
    {
      "fromBlock": "885e7cba-a69c-4204-8202-1c80c4cff78d",
      "fromPort": "0ab8e098-a6ea-40f1-9468-3b9f4cca322f",
      "toBlock": "1a40ea53-74e2-4f94-9c11-e73ff69edcf3",
      "toPort": "input"
    },
    {
      "fromBlock": "8b3c7995-25ea-49fd-b58a-75f63bed5418",
      "fromPort": "output",
      "toBlock": "6c0fdee2-6827-428c-a25d-7df8f94d4dea",
      "toPort": "8b3c7995-25ea-49fd-b58a-75f63bed5418"
    },
    {
      "fromBlock": "95caf883-249d-47d7-a745-1520f14e048a",
      "fromPort": "output",
      "toBlock": "336f9392-002d-44ec-a95b-55b234712b3b",
      "toPort": "95caf883-249d-47d7-a745-1520f14e048a"
    },
    {
      "fromBlock": "9e48d728-84cc-4d86-83a5-29a5edfa8201",
      "fromPort": "output",
      "toBlock": "61def3f4-63b5-48a0-9cc5-8d4835a2c146",
      "toPort": "input"
    },
    {
      "fromBlock": "a96629db-d34b-499e-9d30-3abe46e69f33",
      "fromPort": "output",
      "toBlock": "9b7b2d0b-df62-4b00-9687-3f1f6eb22636",
      "toPort": "input"
    },
    {
      "fromBlock": "a9710e0c-1551-4766-a382-d8602d4f04e8",
      "fromPort": "output",
      "toBlock": "a96629db-d34b-499e-9d30-3abe46e69f33",
      "toPort": "a9710e0c-1551-4766-a382-d8602d4f04e8"
    },
    {
      "fromBlock": "aa8a573f-6eb0-483d-a368-e23740134054",
      "fromPort": "output",
      "toBlock": "1fb3c1b1-7b47-41e7-b056-f68d452bd3cf",
      "toPort": "input"
    },
    {
      "fromBlock": "b022c523-e974-4a8e-96ff-99aa30ae0a96",
      "fromPort": "9e65e63d-4f11-4fd2-a461-7412517ccace",
      "toBlock": "9e48d728-84cc-4d86-83a5-29a5edfa8201",
      "toPort": "input"
    },
    {
      "fromBlock": "b022c523-e974-4a8e-96ff-99aa30ae0a96",
      "fromPort": "40337811-fb1e-4d8b-a2d0-efe81d3de31b",
      "toBlock": "aa8a573f-6eb0-483d-a368-e23740134054",
      "toPort": "input"
    },
    {
      "fromBlock": "b022c523-e974-4a8e-96ff-99aa30ae0a96",
      "fromPort": "c480bbf2-3c3b-45e4-a87e-749d0ca43791",
      "toBlock": "b727ae37-2341-4c36-818f-4c0831176cf1",
      "toPort": "input"
    },
    {
      "fromBlock": "b022c523-e974-4a8e-96ff-99aa30ae0a96",
      "fromPort": "cb0496d0-45b2-4ef8-87f6-cbe03a8441d8",
      "toBlock": "e83ac3d9-f01e-49db-834f-450ab7a4fe9f",
      "toPort": "input"
    },
    {
      "fromBlock": "b022c523-e974-4a8e-96ff-99aa30ae0a96",
      "fromPort": "3da80eed-0e3f-4324-9eb4-78cb80343815",
      "toBlock": "e8fed6f0-aa42-42ef-9011-40ce672f99e6",
      "toPort": "input"
    },
    {
      "fromBlock": "b022c523-e974-4a8e-96ff-99aa30ae0a96",
      "fromPort": "3888314c-8937-454a-b1c1-ec102042b1af",
      "toBlock": "610b20a4-f13d-440d-90a6-3de72875f77f",
      "toPort": "input"
    },
    {
      "fromBlock": "b48e7db3-ce33-4073-808d-736f54ca1d03",
      "fromPort": "output",
      "toBlock": "a9710e0c-1551-4766-a382-d8602d4f04e8",
      "toPort": "b48e7db3-ce33-4073-808d-736f54ca1d03"
    },
    {
      "fromBlock": "b727ae37-2341-4c36-818f-4c0831176cf1",
      "fromPort": "output",
      "toBlock": "dceabc1e-3f3d-4ef7-801b-e4feea75673b",
      "toPort": "input"
    },
    {
      "fromBlock": "c555269d-da1a-4789-9d14-51865d575c5c",
      "fromPort": "output",
      "toBlock": "a96629db-d34b-499e-9d30-3abe46e69f33",
      "toPort": "c555269d-da1a-4789-9d14-51865d575c5c"
    },
    {
      "fromBlock": "d0e7f2c8-627d-4b65-83fb-08d3f59c8964",
      "fromPort": "output",
      "toBlock": "05c0a439-dffa-4969-9ca9-e0f872483c5c",
      "toPort": "input"
    },
    {
      "fromBlock": "d6b744dd-b297-4c66-99d5-09c6da5d8bc3",
      "fromPort": "output",
      "toBlock": "336f9392-002d-44ec-a95b-55b234712b3b",
      "toPort": "d6b744dd-b297-4c66-99d5-09c6da5d8bc3"
    },
    {
      "fromBlock": "dceabc1e-3f3d-4ef7-801b-e4feea75673b",
      "fromPort": "4658ab50-7ef4-4871-9859-df45040e2692",
      "toBlock": "fee31c89-5772-422a-8c49-8169e5e398f4",
      "toPort": "input"
    },
    {
      "fromBlock": "dceabc1e-3f3d-4ef7-801b-e4feea75673b",
      "fromPort": "output",
      "toBlock": "183994b1-49c5-4d5e-b535-4c40da7c5c88",
      "toPort": "input"
    },
    {
      "fromBlock": "e26d9ba8-8189-4855-9d11-361b6cc73ac8",
      "fromPort": "output",
      "toBlock": "8b3c7995-25ea-49fd-b58a-75f63bed5418",
      "toPort": "input"
    },
    {
      "fromBlock": "e26d9ba8-8189-4855-9d11-361b6cc73ac8",
      "fromPort": "9faefa54-28f8-4080-8a4c-bad2f139daa0",
      "toBlock": "639691a5-98ac-4429-ad00-31d85d330631",
      "toPort": "input"
    },
    {
      "fromBlock": "e83ac3d9-f01e-49db-834f-450ab7a4fe9f",
      "fromPort": "output",
      "toBlock": "885e7cba-a69c-4204-8202-1c80c4cff78d",
      "toPort": "input"
    },
    {
      "fromBlock": "e8fed6f0-aa42-42ef-9011-40ce672f99e6",
      "fromPort": "output",
      "toBlock": "e26d9ba8-8189-4855-9d11-361b6cc73ac8",
      "toPort": "input"
    },
    {
      "fromBlock": "fee31c89-5772-422a-8c49-8169e5e398f4",
      "fromPort": "output",
      "toBlock": "39b2401f-ee92-4525-ba22-0978f286aa3d",
      "toPort": "fee31c89-5772-422a-8c49-8169e5e398f4"
    },
    {
      "fromBlock": "05c0a439-dffa-4969-9ca9-e0f872483c5c",
      "fromPort": "9c34fb68-fce8-49d9-bd8f-6f2a4bd60a47",
      "toBlock": "b022c523-e974-4a8e-96ff-99aa30ae0a96",
      "toPort": "input"
    },
    {
      "fromBlock": "183994b1-49c5-4d5e-b535-4c40da7c5c88",
      "fromPort": "output",
      "toBlock": "39b2401f-ee92-4525-ba22-0978f286aa3d",
      "toPort": "183994b1-49c5-4d5e-b535-4c40da7c5c88"
    },
    {
      "fromBlock": "1a40ea53-74e2-4f94-9c11-e73ff69edcf3",
      "fromPort": "output",
      "toBlock": "a9710e0c-1551-4766-a382-d8602d4f04e8",
      "toPort": "1a40ea53-74e2-4f94-9c11-e73ff69edcf3"
    },
    {
      "fromBlock": "1fb3c1b1-7b47-41e7-b056-f68d452bd3cf",
      "fromPort": "output",
      "toBlock": "26a183b1-3ff6-46c5-b90f-2e25df057d6b",
      "toPort": "input"
    },
    {
      "fromBlock": "1fb3c1b1-7b47-41e7-b056-f68d452bd3cf",
      "fromPort": "f10277f5-3811-41c8-8034-79cdbeed46cd",
      "toBlock": "59c9ce59-4d09-4bec-9aa8-6f482177e85c",
      "toPort": "input"
    },
    {
      "fromBlock": "26a183b1-3ff6-46c5-b90f-2e25df057d6b",
      "fromPort": "output",
      "toBlock": "79c5acae-39b0-43b9-ab15-697dd6646047",
      "toPort": "26a183b1-3ff6-46c5-b90f-2e25df057d6b"
    },
    {
      "fromBlock": "336f9392-002d-44ec-a95b-55b234712b3b",
      "fromPort": "output",
      "toBlock": "a96629db-d34b-499e-9d30-3abe46e69f33",
      "toPort": "336f9392-002d-44ec-a95b-55b234712b3b"
    },
    {
      "fromBlock": "39b2401f-ee92-4525-ba22-0978f286aa3d",
      "fromPort": "output",
      "toBlock": "a96629db-d34b-499e-9d30-3abe46e69f33",
      "toPort": "39b2401f-ee92-4525-ba22-0978f286aa3d"
    },
    {
      "fromBlock": "59c9ce59-4d09-4bec-9aa8-6f482177e85c",
      "fromPort": "output",
      "toBlock": "79c5acae-39b0-43b9-ab15-697dd6646047",
      "toPort": "59c9ce59-4d09-4bec-9aa8-6f482177e85c"
    },
    {
      "fromBlock": "5d98a458-1cfb-4b32-bcf4-5101a92b2e5c",
      "fromPort": "output",
      "toBlock": "9446d7df-6665-4ab0-a9ef-c01f9ad54ccc",
      "toPort": "input"
    },
    {
      "fromBlock": "610b20a4-f13d-440d-90a6-3de72875f77f",
      "fromPort": "output",
      "toBlock": "c555269d-da1a-4789-9d14-51865d575c5c",
      "toPort": "input"
    },
    {
      "fromBlock": "61def3f4-63b5-48a0-9cc5-8d4835a2c146",
      "fromPort": "output",
      "toBlock": "95caf883-249d-47d7-a745-1520f14e048a",
      "toPort": "input"
    },
    {
      "fromBlock": "61def3f4-63b5-48a0-9cc5-8d4835a2c146",
      "fromPort": "c123eff1-d5b4-4a9c-9658-44e34c27f9e4",
      "toBlock": "d6b744dd-b297-4c66-99d5-09c6da5d8bc3",
      "toPort": "input"
    },
    {
      "fromBlock": "639691a5-98ac-4429-ad00-31d85d330631",
      "fromPort": "output",
      "toBlock": "6c0fdee2-6827-428c-a25d-7df8f94d4dea",
      "toPort": "639691a5-98ac-4429-ad00-31d85d330631"
    },
    {
      "fromBlock": "6c0fdee2-6827-428c-a25d-7df8f94d4dea",
      "fromPort": "output",
      "toBlock": "a96629db-d34b-499e-9d30-3abe46e69f33",
      "toPort": "6c0fdee2-6827-428c-a25d-7df8f94d4dea"
    },
    {
      "fromBlock": "79c5acae-39b0-43b9-ab15-697dd6646047",
      "fromPort": "output",
      "toBlock": "a96629db-d34b-499e-9d30-3abe46e69f33",
      "toPort": "79c5acae-39b0-43b9-ab15-697dd6646047"
    }
  ]
}